{
"__comment": "Designed by Flashtt with BDcraft Cubik PRO 0.96 Beta - http://bdcraft.net",
"textures": {
    "texture": "blocks/wool_colored_white",
    "hardened_clay_stained_black": "blocks/hardened_clay_stained_black",
    "wool_colored_red": "blocks/wool_colored_red",
    "stone_sword": "items/stone_sword",
    "diamond_sword": "items/diamond_sword"
},
"elements": [ 
{
    "from": [ 1.625, 7.125, 3 ],
    "to": [ 2.625, 8.375, 4.8125 ],
    "faces": {
        "down":  { "uv": [ 12, 5, 10.5, 4 ], "texture": "#texture" },
        "up":    { "uv": [ 4, 4, 5.5, 5 ], "texture": "#texture" },
        "north": { "uv": [ 10.5, 11, 12, 12 ], "texture": "#texture" },
        "south": { "uv": [ 4, 11, 5.5, 12 ], "texture": "#texture" },
        "west":  { "uv": [ 4, 11, 5, 12 ], "texture": "#texture" },
        "east":  { "uv": [ 11, 11, 12, 12 ], "texture": "#texture" }
    }
},
{
    "from": [ 1, 7.375, 3 ],
    "to": [ 2.0625, 8.5, 4.8125 ],
    "rotation": { "origin": [ 1, 8.5, 3 ], "axis": "z", "angle": -45 },
    "faces": {
        "down":  { "uv": [ 13, 5, 12, 4 ], "texture": "#hardened_clay_stained_black" },
        "up":    { "uv": [ 3, 4, 4, 5 ], "texture": "#hardened_clay_stained_black" },
        "north": { "uv": [ 12, 10.5, 13, 11.625 ], "texture": "#hardened_clay_stained_black" },
        "south": { "uv": [ 3, 10.5, 4, 11.625 ], "texture": "#hardened_clay_stained_black" },
        "west":  { "uv": [ 4, 10.5, 5, 11.625 ], "texture": "#hardened_clay_stained_black" },
        "east":  { "uv": [ 11, 10.5, 12, 11.625 ], "texture": "#hardened_clay_stained_black" }
    }
},
{
    "from": [ 2.625, 7.375, 3 ],
    "to": [ 4.6875, 8.375, 4.875 ],
    "faces": {
        "down":  { "uv": [ 13.375, 4.875, 11.3125, 3 ], "texture": "#hardened_clay_stained_black" },
        "up":    { "uv": [ 2.625, 3, 4.6875, 4.875 ], "texture": "#hardened_clay_stained_black" },
        "north": { "uv": [ 11.3125, 7.625, 13.375, 8.625 ], "texture": "#hardened_clay_stained_black" },
        "south": { "uv": [ 2.625, 7.625, 4.6875, 8.625 ], "texture": "#hardened_clay_stained_black" },
        "west":  { "uv": [ 3, 7.625, 4.875, 8.625 ], "texture": "#hardened_clay_stained_black" },
        "east":  { "uv": [ 11.125, 7.625, 13, 8.625 ], "texture": "#hardened_clay_stained_black" }
    }
},
{
    "from": [ 2.5625, 7.125, 3.5 ],
    "to": [ 5.3125, 7.5, 4.3125 ],
    "faces": {
        "down":  { "uv": [ 13.4375, 4.3125, 10.6875, 3.5 ], "texture": "#texture" },
        "up":    { "uv": [ 2.5625, 3.5, 5.3125, 4.3125 ], "texture": "#texture" },
        "north": { "uv": [ 10.6875, 8.5, 13.4375, 8.875 ], "texture": "#texture" },
        "south": { "uv": [ 2.5625, 8.5, 5.3125, 8.875 ], "texture": "#texture" },
        "west":  { "uv": [ 3.5, 8.5, 4.3125, 8.875 ], "texture": "#texture" },
        "east":  { "uv": [ 11.6875, 8.5, 12.5, 8.875 ], "texture": "#texture" }
    }
},
{
    "from": [ 2.875, 7.3125, 2.875 ],
    "to": [ 3.0625, 8.625, 5 ],
    "faces": {
        "down":  { "uv": [ 13.125, 5, 12.9375, 2.875 ], "texture": "#hardened_clay_stained_black" },
        "up":    { "uv": [ 2.875, 2.875, 3.0625, 5 ], "texture": "#hardened_clay_stained_black" },
        "north": { "uv": [ 12.9375, 7.375, 13.125, 8.6875 ], "texture": "#hardened_clay_stained_black" },
        "south": { "uv": [ 2.875, 7.375, 3.0625, 8.6875 ], "texture": "#hardened_clay_stained_black" },
        "west":  { "uv": [ 2.875, 7.375, 5, 8.6875 ], "texture": "#hardened_clay_stained_black" },
        "east":  { "uv": [ 11, 7.375, 13.125, 8.6875 ], "texture": "#hardened_clay_stained_black" }
    }
},
{
    "from": [ 3.25, 7.25, 3 ],
    "to": [ 3.4375, 8.625, 5.125 ],
    "faces": {
        "down":  { "uv": [ 12.75, 5.125, 12.5625, 3 ], "texture": "#hardened_clay_stained_black" },
        "up":    { "uv": [ 3.25, 3, 3.4375, 5.125 ], "texture": "#hardened_clay_stained_black" },
        "north": { "uv": [ 12.5625, 7.375, 12.75, 8.75 ], "texture": "#hardened_clay_stained_black" },
        "south": { "uv": [ 3.25, 7.375, 3.4375, 8.75 ], "texture": "#hardened_clay_stained_black" },
        "west":  { "uv": [ 3, 7.375, 5.125, 8.75 ], "texture": "#hardened_clay_stained_black" },
        "east":  { "uv": [ 10.875, 7.375, 13, 8.75 ], "texture": "#hardened_clay_stained_black" }
    }
},
{
    "from": [ 3.6875, 7.1875, 3 ],
    "to": [ 3.9375, 8.625, 5.125 ],
    "faces": {
        "down":  { "uv": [ 12.3125, 5.125, 12.0625, 3 ], "texture": "#hardened_clay_stained_black" },
        "up":    { "uv": [ 3.6875, 3, 3.9375, 5.125 ], "texture": "#hardened_clay_stained_black" },
        "north": { "uv": [ 12.0625, 7.375, 12.3125, 8.8125 ], "texture": "#hardened_clay_stained_black" },
        "south": { "uv": [ 3.6875, 7.375, 3.9375, 8.8125 ], "texture": "#hardened_clay_stained_black" },
        "west":  { "uv": [ 3, 7.375, 5.125, 8.8125 ], "texture": "#hardened_clay_stained_black" },
        "east":  { "uv": [ 10.875, 7.375, 13, 8.8125 ], "texture": "#hardened_clay_stained_black" }
    }
},
{
    "from": [ 4.125, 7.1875, 3 ],
    "to": [ 4.375, 8.5625, 5.125 ],
    "faces": {
        "down":  { "uv": [ 11.875, 5.125, 11.625, 3 ], "texture": "#hardened_clay_stained_black" },
        "up":    { "uv": [ 4.125, 3, 4.375, 5.125 ], "texture": "#hardened_clay_stained_black" },
        "north": { "uv": [ 11.625, 7.4375, 11.875, 8.8125 ], "texture": "#hardened_clay_stained_black" },
        "south": { "uv": [ 4.125, 7.4375, 4.375, 8.8125 ], "texture": "#hardened_clay_stained_black" },
        "west":  { "uv": [ 3, 7.4375, 5.125, 8.8125 ], "texture": "#hardened_clay_stained_black" },
        "east":  { "uv": [ 10.875, 7.4375, 13, 8.8125 ], "texture": "#hardened_clay_stained_black" }
    }
},
{
    "from": [ 4.5, 7.25, 3 ],
    "to": [ 6.5, 8.5, 5 ],
    "faces": {
        "down":  { "uv": [ 11.5, 5, 9.5, 3 ], "texture": "#texture" },
        "up":    { "uv": [ 4.5, 3, 6.5, 5 ], "texture": "#texture" },
        "north": { "uv": [ 9.5, 7.5, 11.5, 8.75 ], "texture": "#texture" },
        "south": { "uv": [ 4.5, 7.5, 6.5, 8.75 ], "texture": "#texture" },
        "west":  { "uv": [ 3, 7.5, 5, 8.75 ], "texture": "#texture" },
        "east":  { "uv": [ 11, 7.5, 13, 8.75 ], "texture": "#texture" }
    }
},
{
    "from": [ 5.75, 7.1875, 3.0625 ],
    "to": [ 8.1875, 8.5625, 5 ],
    "faces": {
        "down":  { "uv": [ 10.25, 5, 7.8125, 3.0625 ], "texture": "#texture" },
        "up":    { "uv": [ 5.75, 3.0625, 8.1875, 5 ], "texture": "#texture" },
        "north": { "uv": [ 7.8125, 7.4375, 10.25, 8.8125 ], "texture": "#texture" },
        "south": { "uv": [ 5.75, 7.4375, 8.1875, 8.8125 ], "texture": "#texture" },
        "west":  { "uv": [ 3.0625, 7.4375, 5, 8.8125 ], "texture": "#texture" },
        "east":  { "uv": [ 11, 7.4375, 12.9375, 8.8125 ], "texture": "#texture" }
    }
},
{
    "from": [ 8.125, 7.1875, 3 ],
    "to": [ 9.0625, 8.5625, 5.0625 ],
    "faces": {
        "down":  { "uv": [ 7.875, 5.0625, 6.9375, 3 ], "texture": "#hardened_clay_stained_black" },
        "up":    { "uv": [ 8.125, 3, 9.0625, 5.0625 ], "texture": "#hardened_clay_stained_black" },
        "north": { "uv": [ 6.9375, 7.4375, 7.875, 8.8125 ], "texture": "#hardened_clay_stained_black" },
        "south": { "uv": [ 8.125, 7.4375, 9.0625, 8.8125 ], "texture": "#hardened_clay_stained_black" },
        "west":  { "uv": [ 3, 7.4375, 5.0625, 8.8125 ], "texture": "#hardened_clay_stained_black" },
        "east":  { "uv": [ 10.9375, 7.4375, 13, 8.8125 ], "texture": "#hardened_clay_stained_black" }
    }
},
{
    "from": [ 6.9375, 8.3125, 4.125 ],
    "to": [ 7.375, 8.75, 4.8125 ],
    "faces": {
        "down":  { "uv": [ 9.0625, 4.8125, 8.625, 4.125 ], "texture": "#wool_colored_red" },
        "up":    { "uv": [ 6.9375, 4.125, 7.375, 4.8125 ], "texture": "#wool_colored_red" },
        "north": { "uv": [ 8.625, 7.25, 9.0625, 7.6875 ], "texture": "#wool_colored_red" },
        "south": { "uv": [ 6.9375, 7.25, 7.375, 7.6875 ], "texture": "#wool_colored_red" },
        "west":  { "uv": [ 4.125, 7.25, 4.8125, 7.6875 ], "texture": "#wool_colored_red" },
        "east":  { "uv": [ 11.1875, 7.25, 11.875, 7.6875 ], "texture": "#wool_colored_red" }
    }
},
{
    "from": [ 9, 7.5, 3.5625 ],
    "to": [ 27.5, 8.3125, 4.375 ],
    "faces": {
        "down":  { "uv": [ 7, 9, 7.5, 8.5 ], "texture": "#stone_sword" },
        "up":    { "uv": [ 7, 7, 7.5, 7.5 ], "texture": "#stone_sword" },
        "north": { "uv": [ 7, 7, 7.5, 9 ], "texture": "#stone_sword" },
        "south": { "uv": [ 9, 7, 8.5, 9 ], "texture": "#stone_sword" },
        "west":  { "uv": [ 7, 7, 9, 9 ], "texture": "#stone_sword" },
        "east":  { "uv": [ 9, 7, 7, 9 ], "texture": "#stone_sword" }
    }
},
{
    "from": [ 5.5, 7.125, 3.5625 ],
    "to": [ 6.375, 8.625, 4.625 ],
    "faces": {
        "down":  { "uv": [ 6.5, 5.5, 10, 9.5 ], "texture": "#diamond_sword" },
        "up":    { "uv": [ 6.5, 5.5, 10, 9.5 ], "texture": "#diamond_sword" },
        "north": { "uv": [ 0.5, 1.5, 2.5, 3 ], "texture": "#diamond_sword" },
        "south": { "uv": [ 1, 2, 2.5, 3.5 ], "texture": "#diamond_sword" },
        "west":  { "uv": [ 3, 3.5, 3.5, 4 ], "texture": "#diamond_sword" },
        "east":  { "uv": [ 4.5, 4, 4, 4.5 ], "texture": "#diamond_sword" }
    }
}
],
"display": {
    "thirdperson_righthand": {
        "rotation": [ 40, 113, 57 ],
        "translation": [ 3.02, 4.16, 0.57 ],
        "scale": [ 1, 1, 1 ]
    },
    "thirdperson_lefthand": {
        "rotation": [ 54, -84, -41 ],
        "translation": [ -4.16, 2.65, 1.51 ],
        "scale": [ 1, 1, 1 ]
    },
    "ground": {
        "rotation": [ 60, 6, 91 ],
        "translation": [ 0, 3.59, 1.89 ],
        "scale": [ 1, 1, 1 ]
    },
    "fixed": {
        "rotation": [ -4, 0, 48 ],
        "translation": [ 0.19, 1.7, 2.08 ],
        "scale": [ 1, 1, 1 ]
    },
    "firstperson_righthand": {
        "rotation": [ 85, 90, -11 ],
        "translation": [ 4.16, 1.51, -3.02 ],
        "scale": [ 1, 1, 1 ]
    },
    "firstperson_lefthand": {
        "rotation": [ 51, -86, -3 ],
        "translation": [ -1.13, -2.27, -6.24 ],
        "scale": [ 1, 1, 1 ]
    },
    "gui": {
        "rotation": [ 24, 40, 52 ],
        "translation": [ 2.65, -1.89, 0 ],
        "scale": [ 1, 1, 1 ]
    }
}
}