{
"__comment": "Designed by Flashtt with BDcraft Cubik PRO 0.96 Beta - http://bdcraft.net",
"textures": {
    "texture": "blocks/wool_colored_yellow",
    "wool_colored_black": "blocks/wool_colored_black",
    "wool_colored_silver": "blocks/wool_colored_silver"
},
"elements": [ 
{
    "from": [ 2.5, 10, 4 ],
    "to": [ 13.5, 12, 6.0625 ],
    "faces": {
        "down":  { "uv": [ 13.5, 6.0625, 2.5, 4 ], "texture": "#texture" },
        "up":    { "uv": [ 2.5, 4, 13.5, 6.0625 ], "texture": "#texture" },
        "north": { "uv": [ 2.5, 4, 13.5, 6 ], "texture": "#texture" },
        "south": { "uv": [ 2.5, 4, 13.5, 6 ], "texture": "#texture" },
        "west":  { "uv": [ 4, 4, 6.0625, 6 ], "texture": "#texture" },
        "east":  { "uv": [ 9.9375, 4, 12, 6 ], "texture": "#texture" }
    }
},
{
    "from": [ 2.6875, 9.125, 4.25 ],
    "to": [ 9.6875, 10.125, 5.8125 ],
    "faces": {
        "down":  { "uv": [ 13.3125, 5.8125, 6.3125, 4.25 ], "texture": "#texture" },
        "up":    { "uv": [ 2.6875, 4.25, 9.6875, 5.8125 ], "texture": "#texture" },
        "north": { "uv": [ 6.3125, 5.875, 13.3125, 6.875 ], "texture": "#texture" },
        "south": { "uv": [ 2.6875, 5.875, 9.6875, 6.875 ], "texture": "#texture" },
        "west":  { "uv": [ 4.25, 5.875, 5.8125, 6.875 ], "texture": "#texture" },
        "east":  { "uv": [ 10.1875, 5.875, 11.75, 6.875 ], "texture": "#texture" }
    }
},
{
    "from": [ 4.5, 8.5, 4 ],
    "to": [ 13.5, 10, 6 ],
    "faces": {
        "down":  { "uv": [ 11.5, 6, 2.5, 4 ], "texture": "#texture" },
        "up":    { "uv": [ 4.5, 4, 13.5, 6 ], "texture": "#texture" },
        "north": { "uv": [ 2.5, 6, 11.5, 7.5 ], "texture": "#texture" },
        "south": { "uv": [ 4.5, 6, 13.5, 7.5 ], "texture": "#texture" },
        "west":  { "uv": [ 4, 6, 6, 7.5 ], "texture": "#texture" },
        "east":  { "uv": [ 10, 6, 12, 7.5 ], "texture": "#texture" }
    }
},
{
    "from": [ 11, 3, 4 ],
    "to": [ 13.5, 10, 6.0625 ],
    "faces": {
        "down":  { "uv": [ 5, 6.0625, 2.5, 4 ], "texture": "#texture" },
        "up":    { "uv": [ 11, 4, 13.5, 6.0625 ], "texture": "#texture" },
        "north": { "uv": [ 2.5, 6, 5, 13 ], "texture": "#texture" },
        "south": { "uv": [ 11, 6, 13.5, 13 ], "texture": "#texture" },
        "west":  { "uv": [ 4, 6, 6.0625, 13 ], "texture": "#texture" },
        "east":  { "uv": [ 9.9375, 6, 12, 13 ], "texture": "#texture" }
    }
},
{
    "from": [ 12, 12.125, 4.1875 ],
    "to": [ 13, 13.125, 4.875 ],
    "rotation": { "origin": [ 12, 13.125, 4.1875 ], "axis": "z", "angle": -45 },
    "faces": {
        "down":  { "uv": [ 5, 5, 4, 4 ], "texture": "#texture" },
        "up":    { "uv": [ 11, 4, 12, 5 ], "texture": "#texture" },
        "north": { "uv": [ 4, 0.5, 5, 1.5 ], "texture": "#texture" },
        "south": { "uv": [ 11, 0.5, 12, 1.5 ], "texture": "#texture" },
        "west":  { "uv": [ 4, 0.5, 5, 1.5 ], "texture": "#texture" },
        "east":  { "uv": [ 11, 0.5, 12, 1.5 ], "texture": "#texture" }
    }
},
{
    "from": [ 12, 12.125, 5.125 ],
    "to": [ 13, 13.125, 5.875 ],
    "rotation": { "origin": [ 12, 13.125, 5.125 ], "axis": "z", "angle": -45 },
    "faces": {
        "down":  { "uv": [ 4, 5, 3, 4 ], "texture": "#texture" },
        "up":    { "uv": [ 12, 4, 13, 5 ], "texture": "#texture" },
        "north": { "uv": [ 3, 2, 4, 3 ], "texture": "#texture" },
        "south": { "uv": [ 12, 2, 13, 3 ], "texture": "#texture" },
        "west":  { "uv": [ 4, 2, 5, 3 ], "texture": "#texture" },
        "east":  { "uv": [ 11, 2, 12, 3 ], "texture": "#texture" }
    }
},
{
    "from": [ 11.1875, 3.125, 3.8125 ],
    "to": [ 13.3125, 7.5, 4.6875 ],
    "faces": {
        "down":  { "uv": [ 0, 0, 16, 16 ], "texture": "#wool_colored_black" },
        "up":    { "uv": [ 0, 0, 16, 16 ], "texture": "#wool_colored_black" },
        "north": { "uv": [ 0, 0, 16, 16 ], "texture": "#wool_colored_black" },
        "south": { "uv": [ 0, 0, 16, 16 ], "texture": "#wool_colored_black" },
        "west":  { "uv": [ 0, 0, 16, 16 ], "texture": "#wool_colored_black" },
        "east":  { "uv": [ 0, 0, 16, 16 ], "texture": "#wool_colored_black" }
    }
},
{
    "from": [ 13.5, 10, 4.5 ],
    "to": [ 14, 11, 5.5 ],
    "faces": {
        "down":  { "uv": [ 0.5, 5, 0, 4 ], "texture": "#texture" },
        "up":    { "uv": [ 15.5, 4, 16, 5 ], "texture": "#texture" },
        "north": { "uv": [ 0, 5, 0.5, 6 ], "texture": "#texture" },
        "south": { "uv": [ 15.5, 5, 16, 6 ], "texture": "#texture" },
        "west":  { "uv": [ 4, 5, 5, 6 ], "texture": "#texture" },
        "east":  { "uv": [ 11, 5, 12, 6 ], "texture": "#texture" }
    }
},
{
    "from": [ 11.0625, 3.1875, 5.5 ],
    "to": [ 13.4375, 8.25, 6.25 ],
    "faces": {
        "down":  { "uv": [ 0, 0, 16, 16 ], "texture": "#wool_colored_black" },
        "up":    { "uv": [ 0, 0, 16, 16 ], "texture": "#wool_colored_black" },
        "north": { "uv": [ 0, 0, 16, 16 ], "texture": "#wool_colored_black" },
        "south": { "uv": [ 0, 0, 16, 16 ], "texture": "#wool_colored_black" },
        "west":  { "uv": [ 0, 0, 16, 16 ], "texture": "#wool_colored_black" },
        "east":  { "uv": [ 0, 0, 16, 16 ], "texture": "#wool_colored_black" }
    }
},
{
    "from": [ 8.5, 7, 4 ],
    "to": [ 9, 8.5, 6 ],
    "faces": {
        "down":  { "uv": [ 7.5, 6, 7, 4 ], "texture": "#texture" },
        "up":    { "uv": [ 8.5, 4, 9, 6 ], "texture": "#texture" },
        "north": { "uv": [ 7, 7.5, 7.5, 9 ], "texture": "#texture" },
        "south": { "uv": [ 8.5, 7.5, 9, 9 ], "texture": "#texture" },
        "west":  { "uv": [ 4, 7.5, 6, 9 ], "texture": "#texture" },
        "east":  { "uv": [ 10, 7.5, 12, 9 ], "texture": "#texture" }
    }
},
{
    "from": [ 8.5, 6.5, 4 ],
    "to": [ 10, 7, 6 ],
    "faces": {
        "down":  { "uv": [ 7.5, 6, 6, 4 ], "texture": "#texture" },
        "up":    { "uv": [ 8.5, 4, 10, 6 ], "texture": "#texture" },
        "north": { "uv": [ 6, 9, 7.5, 9.5 ], "texture": "#texture" },
        "south": { "uv": [ 8.5, 9, 10, 9.5 ], "texture": "#texture" },
        "west":  { "uv": [ 4, 9, 6, 9.5 ], "texture": "#texture" },
        "east":  { "uv": [ 10, 9, 12, 9.5 ], "texture": "#texture" }
    }
},
{
    "from": [ 9.5, 6.5, 4 ],
    "to": [ 11.5, 7, 6 ],
    "faces": {
        "down":  { "uv": [ 9, 5, 7.5, 4 ], "texture": "#texture" },
        "up":    { "uv": [ 7, 4, 8.5, 5 ], "texture": "#texture" },
        "north": { "uv": [ 7.5, 10, 9, 10.5 ], "texture": "#texture" },
        "south": { "uv": [ 7, 10, 8.5, 10.5 ], "texture": "#texture" },
        "west":  { "uv": [ 4, 10, 5, 10.5 ], "texture": "#texture" },
        "east":  { "uv": [ 11, 10, 12, 10.5 ], "texture": "#texture" }
    }
},
{
    "from": [ 8, 7, 4 ],
    "to": [ 8.5, 9, 6 ],
    "faces": {
        "down":  { "uv": [ 8, 6, 7.5, 4 ], "texture": "#texture" },
        "up":    { "uv": [ 8, 4, 8.5, 6 ], "texture": "#texture" },
        "north": { "uv": [ 7.5, 7, 8, 9 ], "texture": "#texture" },
        "south": { "uv": [ 8, 7, 8.5, 9 ], "texture": "#texture" },
        "west":  { "uv": [ 4, 7, 6, 9 ], "texture": "#texture" },
        "east":  { "uv": [ 10, 7, 12, 9 ], "texture": "#texture" }
    }
},
{
    "from": [ 10, 8, 4.5 ],
    "to": [ 10.5, 9, 5.5 ],
    "faces": {
        "down":  { "uv": [ 6, 5.5, 5.5, 4.5 ], "texture": "#texture" },
        "up":    { "uv": [ 10, 4.5, 10.5, 5.5 ], "texture": "#texture" },
        "north": { "uv": [ 5.5, 7, 6, 8 ], "texture": "#texture" },
        "south": { "uv": [ 10, 7, 10.5, 8 ], "texture": "#texture" },
        "west":  { "uv": [ 4.5, 7, 5.5, 8 ], "texture": "#texture" },
        "east":  { "uv": [ 10.5, 7, 11.5, 8 ], "texture": "#texture" }
    }
},
{
    "from": [ 10.25, 7.1875, 4.5 ],
    "to": [ 10.4375, 8.1875, 5.5 ],
    "faces": {
        "down":  { "uv": [ 10, 5, 9.5, 4 ], "texture": "#texture" },
        "up":    { "uv": [ 6, 4, 6.5, 5 ], "texture": "#texture" },
        "north": { "uv": [ 9.5, 10.5, 10, 11.5 ], "texture": "#texture" },
        "south": { "uv": [ 6, 10.5, 6.5, 11.5 ], "texture": "#texture" },
        "west":  { "uv": [ 4, 10.5, 5, 11.5 ], "texture": "#texture" },
        "east":  { "uv": [ 11, 10.5, 12, 11.5 ], "texture": "#texture" }
    }
},
{
    "from": [ 2.375, 10.5, 4.5 ],
    "to": [ 3.875, 11.5, 5.5 ],
    "faces": {
        "down":  { "uv": [ 14, 5.5, 12.5, 4.5 ], "texture": "#wool_colored_black" },
        "up":    { "uv": [ 2, 4.5, 3.5, 5.5 ], "texture": "#wool_colored_black" },
        "north": { "uv": [ 12.5, 4.5, 14, 5.5 ], "texture": "#wool_colored_black" },
        "south": { "uv": [ 2, 4.5, 3.5, 5.5 ], "texture": "#wool_colored_black" },
        "west":  { "uv": [ 4.5, 4.5, 5.5, 5.5 ], "texture": "#wool_colored_black" },
        "east":  { "uv": [ 10.5, 4.5, 11.5, 5.5 ], "texture": "#wool_colored_black" }
    }
},
{
    "from": [ 2.625, 9.25, 4.5625 ],
    "to": [ 2.6875, 10, 5.5 ],
    "faces": {
        "down":  { "uv": [ 13.375, 5.5, 13.3125, 4.5625 ], "texture": "#wool_colored_black" },
        "up":    { "uv": [ 2.625, 4.5625, 2.6875, 5.5 ], "texture": "#wool_colored_black" },
        "north": { "uv": [ 13.3125, 6, 13.375, 6.75 ], "texture": "#wool_colored_black" },
        "south": { "uv": [ 2.625, 6, 2.6875, 6.75 ], "texture": "#wool_colored_black" },
        "west":  { "uv": [ 4.5625, 6, 5.5, 6.75 ], "texture": "#wool_colored_black" },
        "east":  { "uv": [ 10.5, 6, 11.4375, 6.75 ], "texture": "#wool_colored_black" }
    }
},
{
    "from": [ 11.1875, 7.6875, 3.875 ],
    "to": [ 13.3125, 10.875, 4.375 ],
    "faces": {
        "down":  { "uv": [ 4.8125, 4.375, 2.6875, 3.875 ], "texture": "#texture" },
        "up":    { "uv": [ 11.1875, 3.875, 13.3125, 4.375 ], "texture": "#texture" },
        "north": { "uv": [ 2.6875, 5.125, 4.8125, 8.3125 ], "texture": "#texture" },
        "south": { "uv": [ 11.1875, 5.125, 13.3125, 8.3125 ], "texture": "#texture" },
        "west":  { "uv": [ 3.875, 5.125, 4.375, 8.3125 ], "texture": "#texture" },
        "east":  { "uv": [ 11.625, 5.125, 12.125, 8.3125 ], "texture": "#texture" }
    }
},
{
    "from": [ 11.0625, 8.4375, 5.9375 ],
    "to": [ 13.4375, 10.875, 6.1875 ],
    "faces": {
        "down":  { "uv": [ 4.9375, 6.1875, 2.5625, 5.9375 ], "texture": "#texture" },
        "up":    { "uv": [ 11.0625, 5.9375, 13.4375, 6.1875 ], "texture": "#texture" },
        "north": { "uv": [ 2.5625, 5.125, 4.9375, 7.5625 ], "texture": "#texture" },
        "south": { "uv": [ 11.0625, 5.125, 13.4375, 7.5625 ], "texture": "#texture" },
        "west":  { "uv": [ 5.9375, 5.125, 6.1875, 7.5625 ], "texture": "#texture" },
        "east":  { "uv": [ 9.8125, 5.125, 10.0625, 7.5625 ], "texture": "#texture" }
    }
},
{
    "from": [ 9.6875, 10.3125, 3.5625 ],
    "to": [ 11.1875, 10.8125, 4.125 ],
    "faces": {
        "down":  { "uv": [ 6.3125, 4.125, 4.8125, 3.5625 ], "texture": "#texture" },
        "up":    { "uv": [ 9.6875, 3.5625, 11.1875, 4.125 ], "texture": "#texture" },
        "north": { "uv": [ 4.8125, 5.1875, 6.3125, 5.6875 ], "texture": "#texture" },
        "south": { "uv": [ 9.6875, 5.1875, 11.1875, 5.6875 ], "texture": "#texture" },
        "west":  { "uv": [ 3.5625, 5.1875, 4.125, 5.6875 ], "texture": "#texture" },
        "east":  { "uv": [ 11.875, 5.1875, 12.4375, 5.6875 ], "texture": "#texture" }
    }
},
{
    "from": [ 7.125, 11.9375, 4.125 ],
    "to": [ 13.5, 12.625, 5.9375 ],
    "faces": {
        "down":  { "uv": [ 8.875, 5.9375, 2.5, 4.125 ], "texture": "#texture" },
        "up":    { "uv": [ 7.125, 4.125, 13.5, 5.9375 ], "texture": "#texture" },
        "north": { "uv": [ 2.5, 3.375, 8.875, 4.0625 ], "texture": "#texture" },
        "south": { "uv": [ 7.125, 3.375, 13.5, 4.0625 ], "texture": "#texture" },
        "west":  { "uv": [ 4.125, 3.375, 5.9375, 4.0625 ], "texture": "#texture" },
        "east":  { "uv": [ 10.0625, 3.375, 11.875, 4.0625 ], "texture": "#texture" }
    }
},
{
    "from": [ 9.75, 10.25, 6.0625 ],
    "to": [ 11.125, 10.75, 6.5 ],
    "faces": {
        "down":  { "uv": [ 6.25, 6.5, 4.875, 6.0625 ], "texture": "#texture" },
        "up":    { "uv": [ 9.75, 6.0625, 11.125, 6.5 ], "texture": "#texture" },
        "north": { "uv": [ 4.875, 5.25, 6.25, 5.75 ], "texture": "#texture" },
        "south": { "uv": [ 9.75, 5.25, 11.125, 5.75 ], "texture": "#texture" },
        "west":  { "uv": [ 6.0625, 5.25, 6.5, 5.75 ], "texture": "#texture" },
        "east":  { "uv": [ 9.5, 5.25, 9.9375, 5.75 ], "texture": "#texture" }
    }
},
{
    "from": [ 2.5, 12, 4.5 ],
    "to": [ 7.125, 12.5, 5.5 ],
    "faces": {
        "down":  { "uv": [ 13.5, 5.5, 8.875, 4.5 ], "texture": "#wool_colored_silver" },
        "up":    { "uv": [ 2.5, 4.5, 7.125, 5.5 ], "texture": "#wool_colored_silver" },
        "north": { "uv": [ 8.875, 3.5, 13.5, 4 ], "texture": "#wool_colored_silver" },
        "south": { "uv": [ 2.5, 3.5, 7.125, 4 ], "texture": "#wool_colored_silver" },
        "west":  { "uv": [ 4.5, 3.5, 5.5, 4 ], "texture": "#wool_colored_silver" },
        "east":  { "uv": [ 10.5, 3.5, 11.5, 4 ], "texture": "#wool_colored_silver" }
    }
},
{
    "from": [ 12.0625, 11.875, 5.5 ],
    "to": [ 12.8125, 12.5625, 6.25 ],
    "faces": {
        "down":  { "uv": [ 3.9375, 6.25, 3.1875, 5.5 ], "texture": "#texture" },
        "up":    { "uv": [ 12.0625, 5.5, 12.8125, 6.25 ], "texture": "#texture" },
        "north": { "uv": [ 3.1875, 3.4375, 3.9375, 4.125 ], "texture": "#texture" },
        "south": { "uv": [ 12.0625, 3.4375, 12.8125, 4.125 ], "texture": "#texture" },
        "west":  { "uv": [ 5.5, 3.4375, 6.25, 4.125 ], "texture": "#texture" },
        "east":  { "uv": [ 9.75, 3.4375, 10.5, 4.125 ], "texture": "#texture" }
    }
},
{
    "from": [ 11.75, 12, 6.125 ],
    "to": [ 12.75, 12.5, 6.625 ],
    "faces": {
        "down":  { "uv": [ 4.25, 6.625, 3.25, 6.125 ], "texture": "#texture" },
        "up":    { "uv": [ 11.75, 6.125, 12.75, 6.625 ], "texture": "#texture" },
        "north": { "uv": [ 3.25, 3.5, 4.25, 4 ], "texture": "#texture" },
        "south": { "uv": [ 11.75, 3.5, 12.75, 4 ], "texture": "#texture" },
        "west":  { "uv": [ 6.125, 3.5, 6.625, 4 ], "texture": "#texture" },
        "east":  { "uv": [ 9.375, 3.5, 9.875, 4 ], "texture": "#texture" }
    }
},
{
    "from": [ 9.75, 7.0625, 4.6875 ],
    "to": [ 10.375, 7.375, 5.125 ],
    "rotation": { "origin": [ 9.75, 7.375, 4.6875 ], "axis": "z", "angle": 22.5 },
    "faces": {
        "down":  { "uv": [ 5.5, 6.1875, 5, 5.875 ], "texture": "#texture" },
        "up":    { "uv": [ 10.5, 5.875, 11, 6.1875 ], "texture": "#texture" },
        "north": { "uv": [ 5, 8.5, 5.5, 9 ], "texture": "#texture" },
        "south": { "uv": [ 10.5, 8.5, 11, 9 ], "texture": "#texture" },
        "west":  { "uv": [ 5.875, 8.5, 6.1875, 9 ], "texture": "#texture" },
        "east":  { "uv": [ 9.8125, 8.5, 10.125, 9 ], "texture": "#texture" }
    }
},
{
    "from": [ 6.5, 9, 5.25 ],
    "to": [ 7, 9.5, 6.25 ],
    "faces": {
        "down":  { "uv": [ 16, 5, 16, 4 ], "texture": "#texture" },
        "up":    { "uv": [ 0, 4, 0, 5 ], "texture": "#texture" },
        "north": { "uv": [ 16, 5.5, 16, 6.5 ], "texture": "#texture" },
        "south": { "uv": [ 0, 5.5, 0, 6.5 ], "texture": "#texture" },
        "west":  { "uv": [ 4, 5.5, 5, 6.5 ], "texture": "#texture" },
        "east":  { "uv": [ 11, 5.5, 12, 6.5 ], "texture": "#texture" }
    }
},
{
    "from": [ 6.125, 9.0625, 5.1875 ],
    "to": [ 6.875, 10, 6.1875 ],
    "faces": {
        "down":  { "uv": [ 9.875, 6.1875, 9.125, 5.1875 ], "texture": "#texture" },
        "up":    { "uv": [ 6.125, 5.1875, 6.875, 6.1875 ], "texture": "#texture" },
        "north": { "uv": [ 9.125, 6, 9.875, 6.9375 ], "texture": "#texture" },
        "south": { "uv": [ 6.125, 6, 6.875, 6.9375 ], "texture": "#texture" },
        "west":  { "uv": [ 5.1875, 6, 6.1875, 6.9375 ], "texture": "#texture" },
        "east":  { "uv": [ 9.8125, 6, 10.8125, 6.9375 ], "texture": "#texture" }
    }
},
{
    "from": [ 6.5, 9.4375, 5.25 ],
    "to": [ 7.5, 9.9375, 6.125 ],
    "faces": {
        "down":  { "uv": [ 9.5, 6.125, 8.5, 5.25 ], "texture": "#texture" },
        "up":    { "uv": [ 6.5, 5.25, 7.5, 6.125 ], "texture": "#texture" },
        "north": { "uv": [ 8.5, 6.0625, 9.5, 6.5625 ], "texture": "#texture" },
        "south": { "uv": [ 6.5, 6.0625, 7.5, 6.5625 ], "texture": "#texture" },
        "west":  { "uv": [ 5.25, 6.0625, 6.125, 6.5625 ], "texture": "#texture" },
        "east":  { "uv": [ 9.875, 6.0625, 10.75, 6.5625 ], "texture": "#texture" }
    }
},
{
    "from": [ 12.1875, 11.1875, 5.25 ],
    "to": [ 12.6875, 11.5, 6.1875 ],
    "faces": {
        "down":  { "uv": [ 3.8125, 6.1875, 3.3125, 5.25 ], "texture": "#texture" },
        "up":    { "uv": [ 12.1875, 5.25, 12.6875, 6.1875 ], "texture": "#texture" },
        "north": { "uv": [ 3.3125, 4.5, 3.8125, 4.8125 ], "texture": "#texture" },
        "south": { "uv": [ 12.1875, 4.5, 12.6875, 4.8125 ], "texture": "#texture" },
        "west":  { "uv": [ 5.25, 4.5, 6.1875, 4.8125 ], "texture": "#texture" },
        "east":  { "uv": [ 9.8125, 4.5, 10.75, 4.8125 ], "texture": "#texture" }
    }
}
],
"display": {
    "thirdperson_righthand": {
        "rotation": [ 0, -90, 0 ],
        "translation": [ -3.21, 0.19, -0.76 ],
        "scale": [ 1, 1, 1 ]
    },
    "thirdperson_lefthand": {
        "rotation": [ -4, 90, -4 ],
        "translation": [ 2.65, 0, -0.94 ],
        "scale": [ 1, 1, 1 ]
    },
    "ground": {
        "rotation": [ 0, -72, 24 ],
        "translation": [ 0, 0, 0 ],
        "scale": [ 1, 1, 1 ]
    },
    "firstperson_righthand": {
        "rotation": [ 0, -90, 0 ],
        "translation": [ -4.91, -0.76, -1.32 ],
        "scale": [ 1, 1, 1 ]
    },
    "firstperson_lefthand": {
        "rotation": [ -1, 90, 0 ],
        "translation": [ -1.51, -1.89, -1.13 ],
        "scale": [ 1, 1, 1 ]
    },
    "gui": {
        "rotation": [ 0, 0, 33 ],
        "translation": [ 0, -2.65, 0 ],
        "scale": [ 1, 1, 1 ]
    }
}
}