{
"__comment": "Designed by Flashtt with BDcraft Cubik PRO 0.96 Beta - http://bdcraft.net",
"textures": {
    "texture": "blocks/wool_colored_black",
    "wool_colored_silver": "blocks/wool_colored_silver",
    "wool_colored_black": "blocks/wool_colored_black"
},
"elements": [ 
{
    "from": [ 22.5, 7, 4 ],
    "to": [ 23, 13.5, 5.5 ],
    "faces": {
        "down":  { "uv": [ 0, 5.5, 0, 4 ], "texture": "#texture" },
        "up":    { "uv": [ 16, 4, 16, 5.5 ], "texture": "#texture" },
        "north": { "uv": [ 0, 2.5, 0, 9 ], "texture": "#texture" },
        "south": { "uv": [ 16, 2.5, 16, 9 ], "texture": "#texture" },
        "west":  { "uv": [ 4, 2.5, 5.5, 9 ], "texture": "#texture" },
        "east":  { "uv": [ 10.5, 2.5, 12, 9 ], "texture": "#texture" }
    }
},
{
    "from": [ 14.8125, 11.9375, 3.75 ],
    "to": [ 23, 13.3125, 5.25 ],
    "faces": {
        "down":  { "uv": [ 1.1875, 5.25, 0, 3.75 ], "texture": "#texture" },
        "up":    { "uv": [ 14.8125, 3.75, 16, 5.25 ], "texture": "#texture" },
        "north": { "uv": [ 0, 2.6875, 1.1875, 4.0625 ], "texture": "#texture" },
        "south": { "uv": [ 14.8125, 2.6875, 16, 4.0625 ], "texture": "#texture" },
        "west":  { "uv": [ 3.75, 2.6875, 5.25, 4.0625 ], "texture": "#texture" },
        "east":  { "uv": [ 10.75, 2.6875, 12.25, 4.0625 ], "texture": "#texture" }
    }
},
{
    "from": [ 14.8125, 12.8125, 4.75 ],
    "to": [ 22.5625, 13.3125, 5.75 ],
    "faces": {
        "down":  { "uv": [ 1.1875, 5.75, 0, 4.75 ], "texture": "#texture" },
        "up":    { "uv": [ 14.8125, 4.75, 16, 5.75 ], "texture": "#texture" },
        "north": { "uv": [ 0, 2.6875, 1.1875, 3.1875 ], "texture": "#texture" },
        "south": { "uv": [ 14.8125, 2.6875, 16, 3.1875 ], "texture": "#texture" },
        "west":  { "uv": [ 4.75, 2.6875, 5.75, 3.1875 ], "texture": "#texture" },
        "east":  { "uv": [ 10.25, 2.6875, 11.25, 3.1875 ], "texture": "#texture" }
    }
},
{
    "from": [ 14.875, 12.6875, 5 ],
    "to": [ 22.75, 12.8125, 5.75 ],
    "faces": {
        "down":  { "uv": [ 1.125, 5.75, 0, 5 ], "texture": "#texture" },
        "up":    { "uv": [ 14.875, 5, 16, 5.75 ], "texture": "#texture" },
        "north": { "uv": [ 0, 3.1875, 1.125, 3.3125 ], "texture": "#texture" },
        "south": { "uv": [ 14.875, 3.1875, 16, 3.3125 ], "texture": "#texture" },
        "west":  { "uv": [ 5, 3.1875, 5.75, 3.3125 ], "texture": "#texture" },
        "east":  { "uv": [ 10.25, 3.1875, 11, 3.3125 ], "texture": "#texture" }
    }
},
{
    "from": [ 14.8125, 12.4375, 5.1875 ],
    "to": [ 22.625, 12.5, 5.75 ],
    "faces": {
        "down":  { "uv": [ 1.1875, 5.75, 0, 5.1875 ], "texture": "#texture" },
        "up":    { "uv": [ 14.8125, 5.1875, 16, 5.75 ], "texture": "#texture" },
        "north": { "uv": [ 0, 3.5, 1.1875, 3.5625 ], "texture": "#texture" },
        "south": { "uv": [ 14.8125, 3.5, 16, 3.5625 ], "texture": "#texture" },
        "west":  { "uv": [ 5.1875, 3.5, 5.75, 3.5625 ], "texture": "#texture" },
        "east":  { "uv": [ 10.25, 3.5, 10.8125, 3.5625 ], "texture": "#texture" }
    }
},
{
    "from": [ 15, 12.1875, 4.875 ],
    "to": [ 22.9375, 12.25, 5.8125 ],
    "faces": {
        "down":  { "uv": [ 1, 5.8125, 0, 4.875 ], "texture": "#texture" },
        "up":    { "uv": [ 15, 4.875, 16, 5.8125 ], "texture": "#texture" },
        "north": { "uv": [ 0, 3.75, 1, 3.8125 ], "texture": "#texture" },
        "south": { "uv": [ 15, 3.75, 16, 3.8125 ], "texture": "#texture" },
        "west":  { "uv": [ 4.875, 3.75, 5.8125, 3.8125 ], "texture": "#texture" },
        "east":  { "uv": [ 10.1875, 3.75, 11.125, 3.8125 ], "texture": "#texture" }
    }
},
{
    "from": [ 21, 12, 5 ],
    "to": [ 21.4375, 13, 5.8125 ],
    "faces": {
        "down":  { "uv": [ 0, 5.8125, 0, 5 ], "texture": "#texture" },
        "up":    { "uv": [ 16, 5, 16, 5.8125 ], "texture": "#texture" },
        "north": { "uv": [ 0, 3, 0, 4 ], "texture": "#texture" },
        "south": { "uv": [ 16, 3, 16, 4 ], "texture": "#texture" },
        "west":  { "uv": [ 5, 3, 5.8125, 4 ], "texture": "#texture" },
        "east":  { "uv": [ 10.1875, 3, 11, 4 ], "texture": "#texture" }
    }
},
{
    "from": [ 19.4375, 12, 4.875 ],
    "to": [ 20, 13.0625, 5.875 ],
    "faces": {
        "down":  { "uv": [ 0, 5.875, 0, 4.875 ], "texture": "#texture" },
        "up":    { "uv": [ 16, 4.875, 16, 5.875 ], "texture": "#texture" },
        "north": { "uv": [ 0, 2.9375, 0, 4 ], "texture": "#texture" },
        "south": { "uv": [ 16, 2.9375, 16, 4 ], "texture": "#texture" },
        "west":  { "uv": [ 4.875, 2.9375, 5.875, 4 ], "texture": "#texture" },
        "east":  { "uv": [ 10.125, 2.9375, 11.125, 4 ], "texture": "#texture" }
    }
},
{
    "from": [ 17.8125, 12.0625, 4.9375 ],
    "to": [ 18.3125, 13, 5.8125 ],
    "faces": {
        "down":  { "uv": [ 0, 5.8125, 0, 4.9375 ], "texture": "#texture" },
        "up":    { "uv": [ 16, 4.9375, 16, 5.8125 ], "texture": "#texture" },
        "north": { "uv": [ 0, 3, 0, 3.9375 ], "texture": "#texture" },
        "south": { "uv": [ 16, 3, 16, 3.9375 ], "texture": "#texture" },
        "west":  { "uv": [ 4.9375, 3, 5.8125, 3.9375 ], "texture": "#texture" },
        "east":  { "uv": [ 10.1875, 3, 11.0625, 3.9375 ], "texture": "#texture" }
    }
},
{
    "from": [ 16, 12, 4.875 ],
    "to": [ 16.5625, 13.0625, 5.875 ],
    "faces": {
        "down":  { "uv": [ 0, 5.875, 0, 4.875 ], "texture": "#texture" },
        "up":    { "uv": [ 16, 4.875, 16, 5.875 ], "texture": "#texture" },
        "north": { "uv": [ 0, 2.9375, 0, 4 ], "texture": "#texture" },
        "south": { "uv": [ 16, 2.9375, 16, 4 ], "texture": "#texture" },
        "west":  { "uv": [ 4.875, 2.9375, 5.875, 4 ], "texture": "#texture" },
        "east":  { "uv": [ 10.125, 2.9375, 11.125, 4 ], "texture": "#texture" }
    }
},
{
    "from": [ 14.8125, 11.9375, 4.875 ],
    "to": [ 15.3125, 13.25, 5.875 ],
    "faces": {
        "down":  { "uv": [ 1.1875, 5.875, 0.6875, 4.875 ], "texture": "#texture" },
        "up":    { "uv": [ 14.8125, 4.875, 15.3125, 5.875 ], "texture": "#texture" },
        "north": { "uv": [ 0.6875, 2.75, 1.1875, 4.0625 ], "texture": "#texture" },
        "south": { "uv": [ 14.8125, 2.75, 15.3125, 4.0625 ], "texture": "#texture" },
        "west":  { "uv": [ 4.875, 2.75, 5.875, 4.0625 ], "texture": "#texture" },
        "east":  { "uv": [ 10.125, 2.75, 11.125, 4.0625 ], "texture": "#texture" }
    }
},
{
    "from": [ 19.125, 9.8125, 4.5 ],
    "to": [ 21.1875, 12.0625, 5.5 ],
    "faces": {
        "down":  { "uv": [ 0, 5.5, 0, 4.5 ], "texture": "#texture" },
        "up":    { "uv": [ 16, 4.5, 16, 5.5 ], "texture": "#texture" },
        "north": { "uv": [ 0, 3.9375, 0, 6.1875 ], "texture": "#texture" },
        "south": { "uv": [ 16, 3.9375, 16, 6.1875 ], "texture": "#texture" },
        "west":  { "uv": [ 4.5, 3.9375, 5.5, 6.1875 ], "texture": "#texture" },
        "east":  { "uv": [ 10.5, 3.9375, 11.5, 6.1875 ], "texture": "#texture" }
    }
},
{
    "from": [ 20, 9.5, 4 ],
    "to": [ 23.5, 10.5, 5.4375 ],
    "rotation": { "origin": [ 20, 10.5, 4 ], "axis": "z", "angle": -45 },
    "faces": {
        "down":  { "uv": [ 0, 5, 0, 4 ], "texture": "#texture" },
        "up":    { "uv": [ 16, 4, 16, 5 ], "texture": "#texture" },
        "north": { "uv": [ 0, 11, 0, 12 ], "texture": "#texture" },
        "south": { "uv": [ 16, 11, 16, 12 ], "texture": "#texture" },
        "west":  { "uv": [ 4, 11, 5, 12 ], "texture": "#texture" },
        "east":  { "uv": [ 11, 11, 12, 12 ], "texture": "#texture" }
    }
},
{
    "from": [ 21.5, 7, 4 ],
    "to": [ 22.5, 8, 5.5 ],
    "faces": {
        "down":  { "uv": [ 0, 5.5, 0, 4 ], "texture": "#texture" },
        "up":    { "uv": [ 16, 4, 16, 5.5 ], "texture": "#texture" },
        "north": { "uv": [ 0, 8, 0, 9 ], "texture": "#texture" },
        "south": { "uv": [ 16, 8, 16, 9 ], "texture": "#texture" },
        "west":  { "uv": [ 4, 8, 5.5, 9 ], "texture": "#texture" },
        "east":  { "uv": [ 10.5, 8, 12, 9 ], "texture": "#texture" }
    }
},
{
    "from": [ 15.25, 10.625, 4.5625 ],
    "to": [ 19.1875, 12.0625, 5.5625 ],
    "faces": {
        "down":  { "uv": [ 0.75, 5.5625, 0, 4.5625 ], "texture": "#texture" },
        "up":    { "uv": [ 15.25, 4.5625, 16, 5.5625 ], "texture": "#texture" },
        "north": { "uv": [ 0, 3.9375, 0.75, 5.375 ], "texture": "#texture" },
        "south": { "uv": [ 15.25, 3.9375, 16, 5.375 ], "texture": "#texture" },
        "west":  { "uv": [ 4.5625, 3.9375, 5.5625, 5.375 ], "texture": "#texture" },
        "east":  { "uv": [ 10.4375, 3.9375, 11.4375, 5.375 ], "texture": "#texture" }
    }
},
{
    "from": [ 16.5, 9.4375, 5 ],
    "to": [ 17.125, 12, 5.6875 ],
    "faces": {
        "down":  { "uv": [ 0, 5.6875, 0, 5 ], "texture": "#texture" },
        "up":    { "uv": [ 16, 5, 16, 5.6875 ], "texture": "#texture" },
        "north": { "uv": [ 0, 4, 0, 6.5625 ], "texture": "#texture" },
        "south": { "uv": [ 16, 4, 16, 6.5625 ], "texture": "#texture" },
        "west":  { "uv": [ 5, 4, 5.6875, 6.5625 ], "texture": "#texture" },
        "east":  { "uv": [ 10.3125, 4, 11, 6.5625 ], "texture": "#texture" }
    }
},
{
    "from": [ 15.25, 10.125, 4.625 ],
    "to": [ 19.25, 10.75, 5.9375 ],
    "faces": {
        "down":  { "uv": [ 0.75, 5.9375, 0, 4.625 ], "texture": "#texture" },
        "up":    { "uv": [ 15.25, 4.625, 16, 5.9375 ], "texture": "#texture" },
        "north": { "uv": [ 0, 5.25, 0.75, 5.875 ], "texture": "#texture" },
        "south": { "uv": [ 15.25, 5.25, 16, 5.875 ], "texture": "#texture" },
        "west":  { "uv": [ 4.625, 5.25, 5.9375, 5.875 ], "texture": "#texture" },
        "east":  { "uv": [ 10.0625, 5.25, 11.375, 5.875 ], "texture": "#texture" }
    }
},
{
    "from": [ 21.125, 7.9375, 4 ],
    "to": [ 23, 11.4375, 5 ],
    "faces": {
        "down":  { "uv": [ 0, 5, 0, 4 ], "texture": "#texture" },
        "up":    { "uv": [ 16, 4, 16, 5 ], "texture": "#texture" },
        "north": { "uv": [ 0, 4.5625, 0, 8.0625 ], "texture": "#texture" },
        "south": { "uv": [ 16, 4.5625, 16, 8.0625 ], "texture": "#texture" },
        "west":  { "uv": [ 4, 4.5625, 5, 8.0625 ], "texture": "#texture" },
        "east":  { "uv": [ 11, 4.5625, 12, 8.0625 ], "texture": "#texture" }
    }
},
{
    "from": [ 13.75, 12.125, 4.4375 ],
    "to": [ 14.875, 13.3125, 5.4375 ],
    "faces": {
        "down":  { "uv": [ 2.25, 5.4375, 1.125, 4.4375 ], "texture": "#wool_colored_silver" },
        "up":    { "uv": [ 13.75, 4.4375, 14.875, 5.4375 ], "texture": "#wool_colored_silver" },
        "north": { "uv": [ 1.125, 2.6875, 2.25, 3.875 ], "texture": "#wool_colored_silver" },
        "south": { "uv": [ 13.75, 2.6875, 14.875, 3.875 ], "texture": "#wool_colored_silver" },
        "west":  { "uv": [ 4.4375, 2.6875, 5.4375, 3.875 ], "texture": "#wool_colored_silver" },
        "east":  { "uv": [ 10.5625, 2.6875, 11.5625, 3.875 ], "texture": "#wool_colored_silver" }
    }
},
{
    "from": [ 20.5, 9, 4 ],
    "to": [ 21.5, 10, 5 ],
    "faces": {
        "down":  { "uv": [ 0, 5, 0, 4 ], "texture": "#texture" },
        "up":    { "uv": [ 16, 4, 16, 5 ], "texture": "#texture" },
        "north": { "uv": [ 0, 6, 0, 7 ], "texture": "#texture" },
        "south": { "uv": [ 16, 6, 16, 7 ], "texture": "#texture" },
        "west":  { "uv": [ 4, 6, 5, 7 ], "texture": "#texture" },
        "east":  { "uv": [ 11, 6, 12, 7 ], "texture": "#texture" }
    }
},
{
    "from": [ 4.5, 11, 3.75 ],
    "to": [ 14.0625, 13.5, 5.75 ],
    "faces": {
        "down":  { "uv": [ 11.5, 5.75, 1.9375, 3.75 ], "texture": "#texture" },
        "up":    { "uv": [ 4.5, 3.75, 14.0625, 5.75 ], "texture": "#texture" },
        "north": { "uv": [ 1.9375, 2.5, 11.5, 5 ], "texture": "#texture" },
        "south": { "uv": [ 4.5, 2.5, 14.0625, 5 ], "texture": "#texture" },
        "west":  { "uv": [ 3.75, 2.5, 5.75, 5 ], "texture": "#texture" },
        "east":  { "uv": [ 10.25, 2.5, 12.25, 5 ], "texture": "#texture" }
    }
},
{
    "from": [ 13.5, 10.875, 4 ],
    "to": [ 14.5, 11.875, 5.5 ],
    "rotation": { "origin": [ 13.5, 11.875, 4 ], "axis": "z", "angle": -45 },
    "faces": {
        "down":  { "uv": [ 5.5, 5, 4.5, 4 ], "texture": "#texture" },
        "up":    { "uv": [ 10.5, 4, 11.5, 5 ], "texture": "#texture" },
        "north": { "uv": [ 4.5, 6, 5.5, 7 ], "texture": "#texture" },
        "south": { "uv": [ 10.5, 6, 11.5, 7 ], "texture": "#texture" },
        "west":  { "uv": [ 4, 6, 5, 7 ], "texture": "#texture" },
        "east":  { "uv": [ 11, 6, 12, 7 ], "texture": "#texture" }
    }
},
{
    "from": [ 12.875, 10.1875, 4 ],
    "to": [ 13.875, 11.1875, 5.5 ],
    "rotation": { "origin": [ 12.875, 11.1875, 4 ], "axis": "z", "angle": -45 },
    "faces": {
        "down":  { "uv": [ 3.5, 5, 2.5, 4 ], "texture": "#texture" },
        "up":    { "uv": [ 12.5, 4, 13.5, 5 ], "texture": "#texture" },
        "north": { "uv": [ 2.5, 5.5, 3.5, 6.5 ], "texture": "#texture" },
        "south": { "uv": [ 12.5, 5.5, 13.5, 6.5 ], "texture": "#texture" },
        "west":  { "uv": [ 4, 5.5, 5, 6.5 ], "texture": "#texture" },
        "east":  { "uv": [ 11, 5.5, 12, 6.5 ], "texture": "#texture" }
    }
},
{
    "from": [ 11.875, 9.1875, 4 ],
    "to": [ 12.875, 10.0625, 5.5 ],
    "rotation": { "origin": [ 11.875, 10.0625, 4 ], "axis": "z", "angle": 22.5 },
    "faces": {
        "down":  { "uv": [ 5, 5, 4.125, 4 ], "texture": "#texture" },
        "up":    { "uv": [ 11, 4, 11.875, 5 ], "texture": "#texture" },
        "north": { "uv": [ 4.125, 7, 5, 7.875 ], "texture": "#texture" },
        "south": { "uv": [ 11, 7, 11.875, 7.875 ], "texture": "#texture" },
        "west":  { "uv": [ 4, 7, 5, 7.875 ], "texture": "#texture" },
        "east":  { "uv": [ 11, 7, 12, 7.875 ], "texture": "#texture" }
    }
},
{
    "from": [ 11.5, 2.75, 4 ],
    "to": [ 13.625, 9, 5.5 ],
    "rotation": { "origin": [ 11.5, 9, 4 ], "axis": "z", "angle": 22.5 },
    "faces": {
        "down":  { "uv": [ 5, 5.5, 3, 4 ], "texture": "#texture" },
        "up":    { "uv": [ 11, 4, 13, 5.5 ], "texture": "#texture" },
        "north": { "uv": [ 3, 6.5, 5, 10 ], "texture": "#texture" },
        "south": { "uv": [ 11, 6.5, 13, 10 ], "texture": "#texture" },
        "west":  { "uv": [ 4, 6.5, 5.5, 10 ], "texture": "#texture" },
        "east":  { "uv": [ 10.5, 6.5, 12, 10 ], "texture": "#texture" }
    }
},
{
    "from": [ 13, 2.40904, 4 ],
    "to": [ 15.6875, 3.40904, 5.5 ],
    "rotation": { "origin": [ 13, 3.40904, 4 ], "axis": "z", "angle": 22.5 },
    "faces": {
        "down":  { "uv": [ 3.5, 5, 1.5, 4 ], "texture": "#texture" },
        "up":    { "uv": [ 12.5, 4, 14.5, 5 ], "texture": "#texture" },
        "north": { "uv": [ 1.5, 13.5, 3.5, 14.5 ], "texture": "#texture" },
        "south": { "uv": [ 12.5, 13.5, 14.5, 14.5 ], "texture": "#texture" },
        "west":  { "uv": [ 4, 13.5, 5, 14.5 ], "texture": "#texture" },
        "east":  { "uv": [ 11, 13.5, 12, 14.5 ], "texture": "#texture" }
    }
},
{
    "from": [ 4.5, 8.8125, 3.75 ],
    "to": [ 13.1875, 11.4375, 5.75 ],
    "faces": {
        "down":  { "uv": [ 11.5, 5.75, 2.8125, 3.75 ], "texture": "#texture" },
        "up":    { "uv": [ 4.5, 3.75, 13.1875, 5.75 ], "texture": "#texture" },
        "north": { "uv": [ 2.8125, 4.5625, 11.5, 7.1875 ], "texture": "#texture" },
        "south": { "uv": [ 4.5, 4.5625, 13.1875, 7.1875 ], "texture": "#texture" },
        "west":  { "uv": [ 3.75, 4.5625, 5.75, 7.1875 ], "texture": "#texture" },
        "east":  { "uv": [ 10.25, 4.5625, 12.25, 7.1875 ], "texture": "#texture" }
    }
},
{
    "from": [ 4.875, 8.5625, 3.6875 ],
    "to": [ 6.375, 9.5625, 5.8125 ],
    "rotation": { "origin": [ 4.875, 9.5625, 3.6875 ], "axis": "z", "angle": -22.5 },
    "faces": {
        "down":  { "uv": [ 9.5, 5, 8.5, 4 ], "texture": "#texture" },
        "up":    { "uv": [ 6.5, 4, 7.5, 5 ], "texture": "#texture" },
        "north": { "uv": [ 8.5, 8.5, 9.5, 9.5 ], "texture": "#texture" },
        "south": { "uv": [ 6.5, 8.5, 7.5, 9.5 ], "texture": "#texture" },
        "west":  { "uv": [ 4, 8.5, 5, 9.5 ], "texture": "#texture" },
        "east":  { "uv": [ 11, 8.5, 12, 9.5 ], "texture": "#texture" }
    }
},
{
    "from": [ 5, 7, 3.75 ],
    "to": [ 8, 9.5, 5.75 ],
    "faces": {
        "down":  { "uv": [ 10.5, 5.75, 7.5, 3.75 ], "texture": "#texture" },
        "up":    { "uv": [ 5.5, 3.75, 8.5, 5.75 ], "texture": "#texture" },
        "north": { "uv": [ 7.5, 7, 10.5, 9.5 ], "texture": "#texture" },
        "south": { "uv": [ 5.5, 7, 8.5, 9.5 ], "texture": "#texture" },
        "west":  { "uv": [ 3.75, 7, 5.75, 9.5 ], "texture": "#texture" },
        "east":  { "uv": [ 10.25, 7, 12.25, 9.5 ], "texture": "#texture" }
    }
},
{
    "from": [ 5.5, 6.6875, 3.5 ],
    "to": [ 9, 8.1875, 6 ],
    "rotation": { "origin": [ 5.5, 8.1875, 3.5 ], "axis": "z", "angle": -22.5 },
    "faces": {
        "down":  { "uv": [ 8.5, 5, 7.5, 4 ], "texture": "#texture" },
        "up":    { "uv": [ 7.5, 4, 8.5, 5 ], "texture": "#texture" },
        "north": { "uv": [ 7.5, 10.5, 8.5, 11.5 ], "texture": "#texture" },
        "south": { "uv": [ 7.5, 10.5, 8.5, 11.5 ], "texture": "#texture" },
        "west":  { "uv": [ 4, 10.5, 5, 11.5 ], "texture": "#texture" },
        "east":  { "uv": [ 11, 10.5, 12, 11.5 ], "texture": "#texture" }
    }
},
{
    "from": [ 7.3125, 6.1875, 3.9375 ],
    "to": [ 8.4375, 8.6875, 5.625 ],
    "rotation": { "origin": [ 7.3125, 8.6875, 3.9375 ], "axis": "z", "angle": 22.5 },
    "faces": {
        "down":  { "uv": [ 7.5, 5, 7, 4 ], "texture": "#texture" },
        "up":    { "uv": [ 8.5, 4, 9, 5 ], "texture": "#texture" },
        "north": { "uv": [ 7, 11, 7.5, 13.5 ], "texture": "#texture" },
        "south": { "uv": [ 8.5, 11, 9, 13.5 ], "texture": "#texture" },
        "west":  { "uv": [ 4, 11, 5, 13.5 ], "texture": "#texture" },
        "east":  { "uv": [ 11, 11, 12, 13.5 ], "texture": "#texture" }
    }
},
{
    "from": [ 5.1875, 2.4375, 3.75 ],
    "to": [ 8.0625, 6.9375, 5.75 ],
    "rotation": { "origin": [ 5.1875, 6.9375, 3.75 ], "axis": "z", "angle": -22.5 },
    "faces": {
        "down":  { "uv": [ 11, 5, 10, 4 ], "texture": "#texture" },
        "up":    { "uv": [ 5, 4, 6, 5 ], "texture": "#texture" },
        "north": { "uv": [ 10, 10.5, 11, 11.5 ], "texture": "#texture" },
        "south": { "uv": [ 5, 10.5, 6, 11.5 ], "texture": "#texture" },
        "west":  { "uv": [ 4, 10.5, 5, 11.5 ], "texture": "#texture" },
        "east":  { "uv": [ 11, 10.5, 12, 11.5 ], "texture": "#texture" }
    }
},
{
    "from": [ 5.5, 2.1875, 3.5 ],
    "to": [ 6, 6.5, 5.9375 ],
    "rotation": { "origin": [ 5.5, 6.5, 3.5 ], "axis": "z", "angle": -22.5 },
    "faces": {
        "down":  { "uv": [ 15, 5, 14, 4 ], "texture": "#texture" },
        "up":    { "uv": [ 1, 4, 2, 5 ], "texture": "#texture" },
        "north": { "uv": [ 14, 12.5, 15, 15.5 ], "texture": "#texture" },
        "south": { "uv": [ 1, 12.5, 2, 15.5 ], "texture": "#texture" },
        "west":  { "uv": [ 4, 12.5, 5, 15.5 ], "texture": "#texture" },
        "east":  { "uv": [ 11, 12.5, 12, 15.5 ], "texture": "#texture" }
    }
},
{
    "from": [ 6.375, 1.875, 3.4375 ],
    "to": [ 7, 6.375, 6.0625 ],
    "rotation": { "origin": [ 6.375, 6.375, 3.4375 ], "axis": "z", "angle": -22.5 },
    "faces": {
        "down":  { "uv": [ 16, 5, 16, 4 ], "texture": "#texture" },
        "up":    { "uv": [ 0, 4, 0, 5 ], "texture": "#texture" },
        "north": { "uv": [ 16, 7.5, 16, 12.5 ], "texture": "#texture" },
        "south": { "uv": [ 0, 7.5, 0, 12.5 ], "texture": "#texture" },
        "west":  { "uv": [ 4, 7.5, 5, 12.5 ], "texture": "#texture" },
        "east":  { "uv": [ 11, 7.5, 12, 12.5 ], "texture": "#texture" }
    }
},
{
    "from": [ 4.6875, 12.5625, 3.875 ],
    "to": [ 5.1875, 15.5625, 5.625 ],
    "faces": {
        "down":  { "uv": [ 16, 5, 16, 4 ], "texture": "#texture" },
        "up":    { "uv": [ 0, 4, 0, 5 ], "texture": "#texture" },
        "north": { "uv": [ 16, 0, 16, 2 ], "texture": "#texture" },
        "south": { "uv": [ 0, 0, 0, 2 ], "texture": "#texture" },
        "west":  { "uv": [ 4, 0, 5, 2 ], "texture": "#texture" },
        "east":  { "uv": [ 11, 0, 12, 2 ], "texture": "#texture" }
    }
},
{
    "from": [ 5, 14.75, 4.0625 ],
    "to": [ 13.75, 15.5, 5.5 ],
    "faces": {
        "down":  { "uv": [ 11, 5.5, 2.25, 4.0625 ], "texture": "#texture" },
        "up":    { "uv": [ 5, 4.0625, 13.75, 5.5 ], "texture": "#texture" },
        "north": { "uv": [ 2.25, 0.5, 11, 1.25 ], "texture": "#texture" },
        "south": { "uv": [ 5, 0.5, 13.75, 1.25 ], "texture": "#texture" },
        "west":  { "uv": [ 4.0625, 0.5, 5.5, 1.25 ], "texture": "#texture" },
        "east":  { "uv": [ 10.5, 0.5, 11.9375, 1.25 ], "texture": "#texture" }
    }
},
{
    "from": [ 12.5, 13.5, 4.0625 ],
    "to": [ 14.125, 16.5, 5.5625 ],
    "faces": {
        "down":  { "uv": [ 3.5, 5.5625, 1.875, 4.0625 ], "texture": "#texture" },
        "up":    { "uv": [ 12.5, 4.0625, 14.125, 5.5625 ], "texture": "#texture" },
        "north": { "uv": [ 1.875, 0, 3.5, 2.5 ], "texture": "#texture" },
        "south": { "uv": [ 12.5, 0, 14.125, 2.5 ], "texture": "#texture" },
        "west":  { "uv": [ 4.0625, 0, 5.5625, 2.5 ], "texture": "#texture" },
        "east":  { "uv": [ 10.4375, 0, 11.9375, 2.5 ], "texture": "#texture" }
    }
},
{
    "from": [ 4.75, 13.25, 3.625 ],
    "to": [ 12.5625, 13.8125, 5.8125 ],
    "faces": {
        "down":  { "uv": [ 11.25, 5.8125, 3.4375, 3.625 ], "texture": "#wool_colored_silver" },
        "up":    { "uv": [ 4.75, 3.625, 12.5625, 5.8125 ], "texture": "#wool_colored_silver" },
        "north": { "uv": [ 3.4375, 2.1875, 11.25, 2.75 ], "texture": "#wool_colored_silver" },
        "south": { "uv": [ 4.75, 2.1875, 12.5625, 2.75 ], "texture": "#wool_colored_silver" },
        "west":  { "uv": [ 3.625, 2.1875, 5.8125, 2.75 ], "texture": "#wool_colored_silver" },
        "east":  { "uv": [ 10.1875, 2.1875, 12.375, 2.75 ], "texture": "#wool_colored_silver" }
    }
},
{
    "from": [ 6, 13.125, 5.3125 ],
    "to": [ 6.5625, 13.75, 6 ],
    "rotation": { "origin": [ 6, 13.75, 5.3125 ], "axis": "z", "angle": -45 },
    "faces": {
        "down":  { "uv": [ 15.5, 5, 14.75, 4 ], "texture": "#wool_colored_silver" },
        "up":    { "uv": [ 0.5, 4, 1.25, 5 ], "texture": "#wool_colored_silver" },
        "north": { "uv": [ 14.75, 2.5, 15.5, 3.3125 ], "texture": "#wool_colored_silver" },
        "south": { "uv": [ 0.5, 2.5, 1.25, 3.3125 ], "texture": "#wool_colored_silver" },
        "west":  { "uv": [ 4, 2.5, 5, 3.3125 ], "texture": "#wool_colored_silver" },
        "east":  { "uv": [ 11, 2.5, 12, 3.3125 ], "texture": "#wool_colored_silver" }
    }
},
{
    "from": [ 11.3125, 12.625, 5 ],
    "to": [ 11.9375, 13.3125, 6 ],
    "rotation": { "origin": [ 11.3125, 13.3125, 5 ], "axis": "z", "angle": 45 },
    "faces": {
        "down":  { "uv": [ 16, 5, 15.875, 4 ], "texture": "#wool_colored_silver" },
        "up":    { "uv": [ 0, 4, 0.125, 5 ], "texture": "#wool_colored_silver" },
        "north": { "uv": [ 15.875, 3.5, 16, 4.1875 ], "texture": "#wool_colored_silver" },
        "south": { "uv": [ 0, 3.5, 0.125, 4.1875 ], "texture": "#wool_colored_silver" },
        "west":  { "uv": [ 4, 3.5, 5, 4.1875 ], "texture": "#wool_colored_silver" },
        "east":  { "uv": [ 11, 3.5, 12, 4.1875 ], "texture": "#wool_colored_silver" }
    }
},
{
    "from": [ 7.1875, 1.625, 3.625 ],
    "to": [ 7.6875, 5.875, 5.875 ],
    "rotation": { "origin": [ 7.1875, 5.875, 3.625 ], "axis": "z", "angle": -22.5 },
    "faces": {
        "down":  { "uv": [ 16, 5, 16, 4 ], "texture": "#texture" },
        "up":    { "uv": [ 0, 4, 0, 5 ], "texture": "#texture" },
        "north": { "uv": [ 16, 6.5, 16, 7.5 ], "texture": "#texture" },
        "south": { "uv": [ 0, 6.5, 0, 7.5 ], "texture": "#texture" },
        "west":  { "uv": [ 4, 6.5, 5, 7.5 ], "texture": "#texture" },
        "east":  { "uv": [ 11, 6.5, 12, 7.5 ], "texture": "#texture" }
    }
},
{
    "from": [ 8, 7, 3.6875 ],
    "to": [ 11.8125, 7.0625, 5.8125 ],
    "faces": {
        "down":  { "uv": [ 8, 5.8125, 4.1875, 3.6875 ], "texture": "#texture" },
        "up":    { "uv": [ 8, 3.6875, 11.8125, 5.8125 ], "texture": "#texture" },
        "north": { "uv": [ 4.1875, 8.9375, 8, 9 ], "texture": "#texture" },
        "south": { "uv": [ 8, 8.9375, 11.8125, 9 ], "texture": "#texture" },
        "west":  { "uv": [ 3.6875, 8.9375, 5.8125, 9 ], "texture": "#texture" },
        "east":  { "uv": [ 10.1875, 8.9375, 12.3125, 9 ], "texture": "#texture" }
    }
},
{
    "from": [ 11.3125, 6.8125, 3.6875 ],
    "to": [ 13.375, 9.5, 5.875 ],
    "faces": {
        "down":  { "uv": [ 4.6875, 5.875, 2.625, 3.6875 ], "texture": "#texture" },
        "up":    { "uv": [ 11.3125, 3.6875, 13.375, 5.875 ], "texture": "#texture" },
        "north": { "uv": [ 2.625, 6.5, 4.6875, 9.1875 ], "texture": "#texture" },
        "south": { "uv": [ 11.3125, 6.5, 13.375, 9.1875 ], "texture": "#texture" },
        "west":  { "uv": [ 3.6875, 6.5, 5.875, 9.1875 ], "texture": "#texture" },
        "east":  { "uv": [ 10.125, 6.5, 12.3125, 9.1875 ], "texture": "#texture" }
    }
},
{
    "from": [ 10.75, 8.1875, 3.6875 ],
    "to": [ 11.75, 9.1875, 5.875 ],
    "rotation": { "origin": [ 10.75, 9.1875, 3.6875 ], "axis": "z", "angle": 22.5 },
    "faces": {
        "down":  { "uv": [ 16, 5, 16, 4 ], "texture": "#texture" },
        "up":    { "uv": [ 0, 4, 0, 5 ], "texture": "#texture" },
        "north": { "uv": [ 16, 5, 16, 6 ], "texture": "#texture" },
        "south": { "uv": [ 0, 5, 0, 6 ], "texture": "#texture" },
        "west":  { "uv": [ 4, 5, 5, 6 ], "texture": "#texture" },
        "east":  { "uv": [ 11, 5, 12, 6 ], "texture": "#texture" }
    }
},
{
    "from": [ 11.8125, 7.1875, 3.625 ],
    "to": [ 12.6875, 8.1875, 6.125 ],
    "rotation": { "origin": [ 11.8125, 8.1875, 3.625 ], "axis": "z", "angle": -45 },
    "faces": {
        "down":  { "uv": [ 16, 5, 15, 4 ], "texture": "#texture" },
        "up":    { "uv": [ 0, 4, 1, 5 ], "texture": "#texture" },
        "north": { "uv": [ 15, 9.5, 16, 10.5 ], "texture": "#texture" },
        "south": { "uv": [ 0, 9.5, 1, 10.5 ], "texture": "#texture" },
        "west":  { "uv": [ 4, 9.5, 5, 10.5 ], "texture": "#texture" },
        "east":  { "uv": [ 11, 9.5, 12, 10.5 ], "texture": "#texture" }
    }
},
{
    "from": [ 9.9375, 8.25, 4.0625 ],
    "to": [ 10.875, 8.9375, 5.4375 ],
    "faces": {
        "down":  { "uv": [ 6.0625, 5.4375, 5.125, 4.0625 ], "texture": "#texture" },
        "up":    { "uv": [ 9.9375, 4.0625, 10.875, 5.4375 ], "texture": "#texture" },
        "north": { "uv": [ 5.125, 7.0625, 6.0625, 7.75 ], "texture": "#texture" },
        "south": { "uv": [ 9.9375, 7.0625, 10.875, 7.75 ], "texture": "#texture" },
        "west":  { "uv": [ 4.0625, 7.0625, 5.4375, 7.75 ], "texture": "#texture" },
        "east":  { "uv": [ 10.5625, 7.0625, 11.9375, 7.75 ], "texture": "#texture" }
    }
},
{
    "from": [ 10.1875, 8.25, 4.125 ],
    "to": [ 10.875, 8.625, 5.4375 ],
    "rotation": { "origin": [ 10.1875, 8.625, 4.125 ], "axis": "z", "angle": -22.5 },
    "faces": {
        "down":  { "uv": [ 6.125, 5, 5.5, 4 ], "texture": "#texture" },
        "up":    { "uv": [ 9.875, 4, 10.5, 5 ], "texture": "#texture" },
        "north": { "uv": [ 5.5, 9.75, 6.125, 10.125 ], "texture": "#texture" },
        "south": { "uv": [ 9.875, 9.75, 10.5, 10.125 ], "texture": "#texture" },
        "west":  { "uv": [ 4, 9.75, 5, 10.125 ], "texture": "#texture" },
        "east":  { "uv": [ 11, 9.75, 12, 10.125 ], "texture": "#texture" }
    }
},
{
    "from": [ 10.1875, 7.625, 4 ],
    "to": [ 10.875, 7.875, 5 ],
    "rotation": { "origin": [ 10.1875, 7.875, 4 ], "axis": "z", "angle": 45 },
    "faces": {
        "down":  { "uv": [ 6, 5, 5, 4 ], "texture": "#texture" },
        "up":    { "uv": [ 10, 4, 11, 5 ], "texture": "#texture" },
        "north": { "uv": [ 5, 11, 6, 12 ], "texture": "#texture" },
        "south": { "uv": [ 10, 11, 11, 12 ], "texture": "#texture" },
        "west":  { "uv": [ 4, 11, 5, 12 ], "texture": "#texture" },
        "east":  { "uv": [ 11, 11, 12, 12 ], "texture": "#texture" }
    }
},
{
    "from": [ 9.75, 7.4375, 4 ],
    "to": [ 10.5, 7.9375, 5 ],
    "rotation": { "origin": [ 9.75, 7.9375, 4 ], "axis": "z", "angle": 45 },
    "faces": {
        "down":  { "uv": [ 6, 5, 5.25, 4 ], "texture": "#texture" },
        "up":    { "uv": [ 10, 4, 10.75, 5 ], "texture": "#texture" },
        "north": { "uv": [ 5.25, 11, 6, 11.6875 ], "texture": "#texture" },
        "south": { "uv": [ 10, 11, 10.75, 11.6875 ], "texture": "#texture" },
        "west":  { "uv": [ 4, 11, 5, 11.6875 ], "texture": "#texture" },
        "east":  { "uv": [ 11, 11, 12, 11.6875 ], "texture": "#texture" }
    }
},
{
    "from": [ 9.5, 7.4375, 4 ],
    "to": [ 10.25, 7.6875, 5 ],
    "rotation": { "origin": [ 9.5, 7.6875, 4 ], "axis": "z", "angle": 22.5 },
    "faces": {
        "down":  { "uv": [ 6, 5, 4.9375, 4 ], "texture": "#texture" },
        "up":    { "uv": [ 10, 4, 11.0625, 5 ], "texture": "#texture" },
        "north": { "uv": [ 4.9375, 11, 6, 11.3125 ], "texture": "#texture" },
        "south": { "uv": [ 10, 11, 11.0625, 11.3125 ], "texture": "#texture" },
        "west":  { "uv": [ 4, 11, 5, 11.3125 ], "texture": "#texture" },
        "east":  { "uv": [ 11, 11, 12, 11.3125 ], "texture": "#texture" }
    }
},
{
    "from": [ 3.3125, 11.25, 3.9375 ],
    "to": [ 3.9375, 13.375, 5.625 ],
    "faces": {
        "down":  { "uv": [ 12.6875, 5.625, 12.0625, 3.9375 ], "texture": "#wool_colored_silver" },
        "up":    { "uv": [ 3.3125, 3.9375, 3.9375, 5.625 ], "texture": "#wool_colored_silver" },
        "north": { "uv": [ 12.0625, 2.625, 12.6875, 4.75 ], "texture": "#wool_colored_silver" },
        "south": { "uv": [ 3.3125, 2.625, 3.9375, 4.75 ], "texture": "#wool_colored_silver" },
        "west":  { "uv": [ 3.9375, 2.625, 5.625, 4.75 ], "texture": "#wool_colored_silver" },
        "east":  { "uv": [ 10.375, 2.625, 12.0625, 4.75 ], "texture": "#wool_colored_silver" }
    }
},
{
    "from": [ 3.8125, 11.375, 4.3125 ],
    "to": [ 4.625, 13.25, 5.3125 ],
    "faces": {
        "down":  { "uv": [ 12.1875, 5.3125, 11.375, 4.3125 ], "texture": "#texture" },
        "up":    { "uv": [ 3.8125, 4.3125, 4.625, 5.3125 ], "texture": "#texture" },
        "north": { "uv": [ 11.375, 2.75, 12.1875, 4.625 ], "texture": "#texture" },
        "south": { "uv": [ 3.8125, 2.75, 4.625, 4.625 ], "texture": "#texture" },
        "west":  { "uv": [ 4.3125, 2.75, 5.3125, 4.625 ], "texture": "#texture" },
        "east":  { "uv": [ 10.6875, 2.75, 11.6875, 4.625 ], "texture": "#texture" }
    }
},
{
    "from": [ 2.875, 11.3125, 4.3125 ],
    "to": [ 3.375, 13.3125, 5.3125 ],
    "faces": {
        "down":  { "uv": [ 13.125, 5.3125, 12.625, 4.3125 ], "texture": "#wool_colored_silver" },
        "up":    { "uv": [ 2.875, 4.3125, 3.375, 5.3125 ], "texture": "#wool_colored_silver" },
        "north": { "uv": [ 12.625, 2.6875, 13.125, 4.6875 ], "texture": "#wool_colored_silver" },
        "south": { "uv": [ 2.875, 2.6875, 3.375, 4.6875 ], "texture": "#wool_colored_silver" },
        "west":  { "uv": [ 4.3125, 2.6875, 5.3125, 4.6875 ], "texture": "#wool_colored_silver" },
        "east":  { "uv": [ 10.6875, 2.6875, 11.6875, 4.6875 ], "texture": "#wool_colored_silver" }
    }
},
{
    "from": [ 2.3125, 11.625, 4.3125 ],
    "to": [ 2.9375, 13.125, 5.3125 ],
    "faces": {
        "down":  { "uv": [ 13.6875, 5.3125, 13.0625, 4.3125 ], "texture": "#wool_colored_silver" },
        "up":    { "uv": [ 2.3125, 4.3125, 2.9375, 5.3125 ], "texture": "#wool_colored_silver" },
        "north": { "uv": [ 13.0625, 2.875, 13.6875, 4.375 ], "texture": "#wool_colored_silver" },
        "south": { "uv": [ 2.3125, 2.875, 2.9375, 4.375 ], "texture": "#wool_colored_silver" },
        "west":  { "uv": [ 4.3125, 2.875, 5.3125, 4.375 ], "texture": "#wool_colored_silver" },
        "east":  { "uv": [ 10.6875, 2.875, 11.6875, 4.375 ], "texture": "#wool_colored_silver" }
    }
},
{
    "from": [ -3.5, 11.1875, 4 ],
    "to": [ 2.5625, 13.5625, 5.4375 ],
    "faces": {
        "down":  { "uv": [ 16, 5.4375, 13.4375, 4 ], "texture": "#texture" },
        "up":    { "uv": [ 0, 4, 2.5625, 5.4375 ], "texture": "#texture" },
        "north": { "uv": [ 13.4375, 2.4375, 16, 4.8125 ], "texture": "#texture" },
        "south": { "uv": [ 0, 2.4375, 2.5625, 4.8125 ], "texture": "#texture" },
        "west":  { "uv": [ 4, 2.4375, 5.4375, 4.8125 ], "texture": "#texture" },
        "east":  { "uv": [ 10.5625, 2.4375, 12, 4.8125 ], "texture": "#texture" }
    }
},
{
    "from": [ -9.5, 11.9375, 4.3125 ],
    "to": [ -2.5, 12.6875, 5.1875 ],
    "faces": {
        "down":  { "uv": [ 16, 5.1875, 16, 4.3125 ], "texture": "#texture" },
        "up":    { "uv": [ 0, 4.3125, 0, 5.1875 ], "texture": "#texture" },
        "north": { "uv": [ 16, 3.3125, 16, 4.0625 ], "texture": "#texture" },
        "south": { "uv": [ 0, 3.3125, 0, 4.0625 ], "texture": "#texture" },
        "west":  { "uv": [ 4.3125, 3.3125, 5.1875, 4.0625 ], "texture": "#texture" },
        "east":  { "uv": [ 10.8125, 3.3125, 11.6875, 4.0625 ], "texture": "#texture" }
    }
},
{
    "from": [ -5.875, 12.5, 4.25 ],
    "to": [ -5.375, 15, 5.125 ],
    "faces": {
        "down":  { "uv": [ 16, 5.125, 16, 4.25 ], "texture": "#texture" },
        "up":    { "uv": [ 0, 4.25, 0, 5.125 ], "texture": "#texture" },
        "north": { "uv": [ 16, 1, 16, 3.5 ], "texture": "#texture" },
        "south": { "uv": [ 0, 1, 0, 3.5 ], "texture": "#texture" },
        "west":  { "uv": [ 4.25, 1, 5.125, 3.5 ], "texture": "#texture" },
        "east":  { "uv": [ 10.875, 1, 11.75, 3.5 ], "texture": "#texture" }
    }
},
{
    "from": [ -5.6875, 14.4375, 4.25 ],
    "to": [ -5.0625, 15.0625, 5.25 ],
    "faces": {
        "down":  { "uv": [ 16, 5, 16, 4 ], "texture": "#texture" },
        "up":    { "uv": [ 0, 4, 0, 5 ], "texture": "#texture" },
        "north": { "uv": [ 16, 0, 16, 1 ], "texture": "#texture" },
        "south": { "uv": [ 0, 0, 0, 1 ], "texture": "#texture" },
        "west":  { "uv": [ 4, 0, 5, 1 ], "texture": "#texture" },
        "east":  { "uv": [ 11, 0, 12, 1 ], "texture": "#texture" }
    }
},
{
    "from": [ -5.4375, 11.625, 4.3125 ],
    "to": [ -4.875, 14.5625, 5.3125 ],
    "rotation": { "origin": [ -5.4375, 14.5625, 4.3125 ], "axis": "z", "angle": 45 },
    "faces": {
        "down":  { "uv": [ 16, 5, 16, 4 ], "texture": "#texture" },
        "up":    { "uv": [ 0, 4, 0, 5 ], "texture": "#texture" },
        "north": { "uv": [ 16, 0, 16, 0 ], "texture": "#texture" },
        "south": { "uv": [ 0, 0, 0, 0 ], "texture": "#texture" },
        "west":  { "uv": [ 4, 0, 5, 0 ], "texture": "#texture" },
        "east":  { "uv": [ 11, 0, 12, 0 ], "texture": "#texture" }
    }
},
{
    "from": [ 6.8125, 14.75, 4 ],
    "to": [ 8.625, 15.6875, 5.5625 ],
    "rotation": { "origin": [ 6.8125, 15.6875, 4 ], "axis": "z", "angle": 22.5 },
    "faces": {
        "down":  { "uv": [ 8.5, 5, 7.5, 4 ], "texture": "#texture" },
        "up":    { "uv": [ 7.5, 4, 8.5, 5 ], "texture": "#texture" },
        "north": { "uv": [ 7.5, 0, 8.5, 0 ], "texture": "#texture" },
        "south": { "uv": [ 7.5, 0, 8.5, 0 ], "texture": "#texture" },
        "west":  { "uv": [ 4, 0, 5, 0 ], "texture": "#texture" },
        "east":  { "uv": [ 11, 0, 12, 0 ], "texture": "#texture" }
    }
},
{
    "from": [ 7.9375, 15.125, 3.9375 ],
    "to": [ 8.9375, 16.125, 5.5625 ],
    "rotation": { "origin": [ 7.9375, 16.125, 3.9375 ], "axis": "z", "angle": 22.5 },
    "faces": {
        "down":  { "uv": [ 5.1875, 5, 4.1875, 4 ], "texture": "#texture" },
        "up":    { "uv": [ 10.8125, 4, 11.8125, 5 ], "texture": "#texture" },
        "north": { "uv": [ 4.1875, 0, 5.1875, 0 ], "texture": "#texture" },
        "south": { "uv": [ 10.8125, 0, 11.8125, 0 ], "texture": "#texture" },
        "west":  { "uv": [ 4, 0, 5, 0 ], "texture": "#texture" },
        "east":  { "uv": [ 11, 0, 12, 0 ], "texture": "#texture" }
    }
},
{
    "from": [ 8.5, 15.5, 3.875 ],
    "to": [ 12.5625, 16.5, 5.625 ],
    "faces": {
        "down":  { "uv": [ 16, 5, 16, 4 ], "texture": "#texture" },
        "up":    { "uv": [ 0, 4, 0, 5 ], "texture": "#texture" },
        "north": { "uv": [ 16, 0, 16, 0.625 ], "texture": "#texture" },
        "south": { "uv": [ 0, 0, 0, 0.625 ], "texture": "#texture" },
        "west":  { "uv": [ 4, 0, 5, 0.625 ], "texture": "#texture" },
        "east":  { "uv": [ 11, 0, 12, 0.625 ], "texture": "#texture" }
    }
},
{
    "from": [ 6.75, 15.3125, 3.9375 ],
    "to": [ 7.25, 15.6875, 5.625 ],
    "faces": {
        "down":  { "uv": [ 9.25, 5.625, 8.75, 3.9375 ], "texture": "#texture" },
        "up":    { "uv": [ 6.75, 3.9375, 7.25, 5.625 ], "texture": "#texture" },
        "north": { "uv": [ 8.75, 0.3125, 9.25, 0.6875 ], "texture": "#texture" },
        "south": { "uv": [ 6.75, 0.3125, 7.25, 0.6875 ], "texture": "#texture" },
        "west":  { "uv": [ 3.9375, 0.3125, 5.625, 0.6875 ], "texture": "#texture" },
        "east":  { "uv": [ 10.375, 0.3125, 12.0625, 0.6875 ], "texture": "#texture" }
    }
},
{
    "from": [ 12.0625, 15.125, 4.875 ],
    "to": [ 12.625, 15.6875, 5.875 ],
    "faces": {
        "down":  { "uv": [ 3.9375, 5.875, 3.375, 4.875 ], "texture": "#wool_colored_silver" },
        "up":    { "uv": [ 12.0625, 4.875, 12.625, 5.875 ], "texture": "#wool_colored_silver" },
        "north": { "uv": [ 3.375, 0.3125, 3.9375, 0.875 ], "texture": "#wool_colored_silver" },
        "south": { "uv": [ 12.0625, 0.3125, 12.625, 0.875 ], "texture": "#wool_colored_silver" },
        "west":  { "uv": [ 4.875, 0.3125, 5.875, 0.875 ], "texture": "#wool_colored_silver" },
        "east":  { "uv": [ 10.125, 0.3125, 11.125, 0.875 ], "texture": "#wool_colored_silver" }
    }
},
{
    "from": [ 12.125, 4.9375, 3.875 ],
    "to": [ 12.75, 5.375, 5.625 ],
    "rotation": { "origin": [ 12.125, 5.375, 3.875 ], "axis": "z", "angle": 45 },
    "faces": {
        "down":  { "uv": [ 6, 5, 4.5625, 4 ], "texture": "#texture" },
        "up":    { "uv": [ 10, 4, 11.4375, 5 ], "texture": "#texture" },
        "north": { "uv": [ 4.5625, 13.5, 6, 14 ], "texture": "#texture" },
        "south": { "uv": [ 10, 13.5, 11.4375, 14 ], "texture": "#texture" },
        "west":  { "uv": [ 4, 13.5, 5, 14 ], "texture": "#texture" },
        "east":  { "uv": [ 11, 13.5, 12, 14 ], "texture": "#texture" }
    }
},
{
    "from": [ 12.5625, 3.6875, 4.25 ],
    "to": [ 13.3125, 4.25, 5.375 ],
    "rotation": { "origin": [ 12.5625, 4.25, 4.25 ], "axis": "z", "angle": 45 },
    "faces": {
        "down":  { "uv": [ 6.5, 5, 5.5, 4 ], "texture": "#texture" },
        "up":    { "uv": [ 9.5, 4, 10.5, 5 ], "texture": "#texture" },
        "north": { "uv": [ 5.5, 14, 6.5, 15 ], "texture": "#texture" },
        "south": { "uv": [ 9.5, 14, 10.5, 15 ], "texture": "#texture" },
        "west":  { "uv": [ 4, 14, 5, 15 ], "texture": "#texture" },
        "east":  { "uv": [ 11, 14, 12, 15 ], "texture": "#texture" }
    }
},
{
    "from": [ 12.5625, 3.1875, 4.625 ],
    "to": [ 14.375, 6.625, 5.625 ],
    "rotation": { "origin": [ 12.5625, 6.625, 4.625 ], "axis": "z", "angle": 22.5 },
    "faces": {
        "down":  { "uv": [ 0, 0, 16, 16 ], "texture": "#wool_colored_black" },
        "up":    { "uv": [ 0, 0, 16, 16 ], "texture": "#wool_colored_black" },
        "north": { "uv": [ 0, 0, 16, 16 ], "texture": "#wool_colored_black" },
        "south": { "uv": [ 0, 0, 16, 16 ], "texture": "#wool_colored_black" },
        "west":  { "uv": [ 0, 0, 16, 16 ], "texture": "#wool_colored_black" },
        "east":  { "uv": [ 0, 0, 16, 16 ], "texture": "#wool_colored_black" }
    }
},
{
    "from": [ 12.5625, 3.125, 3.8125 ],
    "to": [ 14.3125, 6.8125, 4.5625 ],
    "rotation": { "origin": [ 12.5625, 6.8125, 3.8125 ], "axis": "z", "angle": 22.5 },
    "faces": {
        "down":  { "uv": [ 0, 0, 16, 16 ], "texture": "#wool_colored_black" },
        "up":    { "uv": [ 0, 0, 16, 16 ], "texture": "#wool_colored_black" },
        "north": { "uv": [ 0, 0, 16, 16 ], "texture": "#wool_colored_black" },
        "south": { "uv": [ 0, 0, 16, 16 ], "texture": "#wool_colored_black" },
        "west":  { "uv": [ 0, 0, 16, 16 ], "texture": "#wool_colored_black" },
        "east":  { "uv": [ 0, 0, 16, 16 ], "texture": "#wool_colored_black" }
    }
},
{
    "from": [ -3.625, 12.3125, 5 ],
    "to": [ 2.5625, 12.75, 5.625 ],
    "faces": {
        "down":  { "uv": [ 16, 5.625, 13.4375, 5 ], "texture": "#texture" },
        "up":    { "uv": [ 0, 5, 2.5625, 5.625 ], "texture": "#texture" },
        "north": { "uv": [ 13.4375, 3.25, 16, 3.6875 ], "texture": "#texture" },
        "south": { "uv": [ 0, 3.25, 2.5625, 3.6875 ], "texture": "#texture" },
        "west":  { "uv": [ 5, 3.25, 5.625, 3.6875 ], "texture": "#texture" },
        "east":  { "uv": [ 10.375, 3.25, 11, 3.6875 ], "texture": "#texture" }
    }
},
{
    "from": [ -3.5, 12.25, 3.875 ],
    "to": [ 2.5, 12.625, 4.375 ],
    "faces": {
        "down":  { "uv": [ 16, 4.375, 13.5, 3.875 ], "texture": "#texture" },
        "up":    { "uv": [ 0, 3.875, 2.5, 4.375 ], "texture": "#texture" },
        "north": { "uv": [ 13.5, 3.375, 16, 3.75 ], "texture": "#texture" },
        "south": { "uv": [ 0, 3.375, 2.5, 3.75 ], "texture": "#texture" },
        "west":  { "uv": [ 3.875, 3.375, 4.375, 3.75 ], "texture": "#texture" },
        "east":  { "uv": [ 11.625, 3.375, 12.125, 3.75 ], "texture": "#texture" }
    }
},
{
    "from": [ -3.0625, 10.9375, 3.75 ],
    "to": [ -2.8125, 13.875, 5.75 ],
    "faces": {
        "down":  { "uv": [ 16, 5.75, 16, 3.75 ], "texture": "#texture" },
        "up":    { "uv": [ 0, 3.75, 0, 5.75 ], "texture": "#texture" },
        "north": { "uv": [ 16, 2.125, 16, 5.0625 ], "texture": "#texture" },
        "south": { "uv": [ 0, 2.125, 0, 5.0625 ], "texture": "#texture" },
        "west":  { "uv": [ 3.75, 2.125, 5.75, 5.0625 ], "texture": "#texture" },
        "east":  { "uv": [ 10.25, 2.125, 12.25, 5.0625 ], "texture": "#texture" }
    }
},
{
    "from": [ -2.375, 10.9375, 3.75 ],
    "to": [ -2.0625, 13.875, 5.5625 ],
    "faces": {
        "down":  { "uv": [ 16, 5.5625, 16, 3.75 ], "texture": "#texture" },
        "up":    { "uv": [ 0, 3.75, 0, 5.5625 ], "texture": "#texture" },
        "north": { "uv": [ 16, 2.125, 16, 5.0625 ], "texture": "#texture" },
        "south": { "uv": [ 0, 2.125, 0, 5.0625 ], "texture": "#texture" },
        "west":  { "uv": [ 3.75, 2.125, 5.5625, 5.0625 ], "texture": "#texture" },
        "east":  { "uv": [ 10.4375, 2.125, 12.25, 5.0625 ], "texture": "#texture" }
    }
},
{
    "from": [ -1.625, 11, 3.75 ],
    "to": [ -1.3125, 13.8125, 5.625 ],
    "faces": {
        "down":  { "uv": [ 16, 5.625, 16, 3.75 ], "texture": "#texture" },
        "up":    { "uv": [ 0, 3.75, 0, 5.625 ], "texture": "#texture" },
        "north": { "uv": [ 16, 2.1875, 16, 5 ], "texture": "#texture" },
        "south": { "uv": [ 0, 2.1875, 0, 5 ], "texture": "#texture" },
        "west":  { "uv": [ 3.75, 2.1875, 5.625, 5 ], "texture": "#texture" },
        "east":  { "uv": [ 10.375, 2.1875, 12.25, 5 ], "texture": "#texture" }
    }
},
{
    "from": [ -0.875, 10.9375, 3.8125 ],
    "to": [ -0.5625, 13.8125, 5.5625 ],
    "faces": {
        "down":  { "uv": [ 16, 5.5625, 16, 3.8125 ], "texture": "#texture" },
        "up":    { "uv": [ 0, 3.8125, 0, 5.5625 ], "texture": "#texture" },
        "north": { "uv": [ 16, 2.1875, 16, 5.0625 ], "texture": "#texture" },
        "south": { "uv": [ 0, 2.1875, 0, 5.0625 ], "texture": "#texture" },
        "west":  { "uv": [ 3.8125, 2.1875, 5.5625, 5.0625 ], "texture": "#texture" },
        "east":  { "uv": [ 10.4375, 2.1875, 12.1875, 5.0625 ], "texture": "#texture" }
    }
},
{
    "from": [ -0.0625, 10.875, 4 ],
    "to": [ 0.375, 13.8125, 5.625 ],
    "faces": {
        "down":  { "uv": [ 16, 5.625, 15.625, 4 ], "texture": "#texture" },
        "up":    { "uv": [ 0, 4, 0.375, 5.625 ], "texture": "#texture" },
        "north": { "uv": [ 15.625, 2.1875, 16, 5.125 ], "texture": "#texture" },
        "south": { "uv": [ 0, 2.1875, 0.375, 5.125 ], "texture": "#texture" },
        "west":  { "uv": [ 4, 2.1875, 5.625, 5.125 ], "texture": "#texture" },
        "east":  { "uv": [ 10.375, 2.1875, 12, 5.125 ], "texture": "#texture" }
    }
},
{
    "from": [ 0.9375, 10.875, 3.9375 ],
    "to": [ 1.375, 13.875, 5.5625 ],
    "faces": {
        "down":  { "uv": [ 15.0625, 5.5625, 14.625, 3.9375 ], "texture": "#texture" },
        "up":    { "uv": [ 0.9375, 3.9375, 1.375, 5.5625 ], "texture": "#texture" },
        "north": { "uv": [ 14.625, 2.125, 15.0625, 5.125 ], "texture": "#texture" },
        "south": { "uv": [ 0.9375, 2.125, 1.375, 5.125 ], "texture": "#texture" },
        "west":  { "uv": [ 3.9375, 2.125, 5.5625, 5.125 ], "texture": "#texture" },
        "east":  { "uv": [ 10.4375, 2.125, 12.0625, 5.125 ], "texture": "#texture" }
    }
},
{
    "from": [ 1.875, 10.75, 3.9375 ],
    "to": [ 2.375, 13.9375, 5.5 ],
    "faces": {
        "down":  { "uv": [ 14.125, 5.5, 13.625, 3.9375 ], "texture": "#texture" },
        "up":    { "uv": [ 1.875, 3.9375, 2.375, 5.5 ], "texture": "#texture" },
        "north": { "uv": [ 13.625, 2.0625, 14.125, 5.25 ], "texture": "#texture" },
        "south": { "uv": [ 1.875, 2.0625, 2.375, 5.25 ], "texture": "#texture" },
        "west":  { "uv": [ 3.9375, 2.0625, 5.5, 5.25 ], "texture": "#texture" },
        "east":  { "uv": [ 10.5, 2.0625, 12.0625, 5.25 ], "texture": "#texture" }
    }
},
{
    "from": [ 9.875, 11.625, 5 ],
    "to": [ 10.8125, 11.8125, 6 ],
    "faces": {
        "down":  { "uv": [ 6.125, 6, 5.1875, 5 ], "texture": "#texture" },
        "up":    { "uv": [ 9.875, 5, 10.8125, 6 ], "texture": "#texture" },
        "north": { "uv": [ 5.1875, 4.1875, 6.125, 4.375 ], "texture": "#texture" },
        "south": { "uv": [ 9.875, 4.1875, 10.8125, 4.375 ], "texture": "#texture" },
        "west":  { "uv": [ 5, 4.1875, 6, 4.375 ], "texture": "#texture" },
        "east":  { "uv": [ 10, 4.1875, 11, 4.375 ], "texture": "#texture" }
    }
},
{
    "from": [ 11.125, 11.875, 5 ],
    "to": [ 11.375, 12.5625, 6 ],
    "faces": {
        "down":  { "uv": [ 4.875, 6, 4.625, 5 ], "texture": "#texture" },
        "up":    { "uv": [ 11.125, 5, 11.375, 6 ], "texture": "#texture" },
        "north": { "uv": [ 4.625, 3.4375, 4.875, 4.125 ], "texture": "#texture" },
        "south": { "uv": [ 11.125, 3.4375, 11.375, 4.125 ], "texture": "#texture" },
        "west":  { "uv": [ 5, 3.4375, 6, 4.125 ], "texture": "#texture" },
        "east":  { "uv": [ 10, 3.4375, 11, 4.125 ], "texture": "#texture" }
    }
},
{
    "from": [ 11.4375, 11.5625, 5 ],
    "to": [ 12.5, 11.8125, 6 ],
    "faces": {
        "down":  { "uv": [ 4.5625, 6, 3.5, 5 ], "texture": "#texture" },
        "up":    { "uv": [ 11.4375, 5, 12.5, 6 ], "texture": "#texture" },
        "north": { "uv": [ 3.5, 4.1875, 4.5625, 4.4375 ], "texture": "#texture" },
        "south": { "uv": [ 11.4375, 4.1875, 12.5, 4.4375 ], "texture": "#texture" },
        "west":  { "uv": [ 5, 4.1875, 6, 4.4375 ], "texture": "#texture" },
        "east":  { "uv": [ 10, 4.1875, 11, 4.4375 ], "texture": "#texture" }
    }
},
{
    "from": [ 11.0625, 10.5, 5 ],
    "to": [ 11.25, 11.0625, 6 ],
    "faces": {
        "down":  { "uv": [ 4.9375, 6, 4.75, 5 ], "texture": "#wool_colored_silver" },
        "up":    { "uv": [ 11.0625, 5, 11.25, 6 ], "texture": "#wool_colored_silver" },
        "north": { "uv": [ 4.75, 4.9375, 4.9375, 5.5 ], "texture": "#wool_colored_silver" },
        "south": { "uv": [ 11.0625, 4.9375, 11.25, 5.5 ], "texture": "#wool_colored_silver" },
        "west":  { "uv": [ 5, 4.9375, 6, 5.5 ], "texture": "#wool_colored_silver" },
        "east":  { "uv": [ 10, 4.9375, 11, 5.5 ], "texture": "#wool_colored_silver" }
    }
},
{
    "from": [ 10.875, 10.875, 5 ],
    "to": [ 11.4375, 11.5, 6 ],
    "faces": {
        "down":  { "uv": [ 5.125, 6, 4.5625, 5 ], "texture": "#wool_colored_silver" },
        "up":    { "uv": [ 10.875, 5, 11.4375, 6 ], "texture": "#wool_colored_silver" },
        "north": { "uv": [ 4.5625, 4.5, 5.125, 5.125 ], "texture": "#wool_colored_silver" },
        "south": { "uv": [ 10.875, 4.5, 11.4375, 5.125 ], "texture": "#wool_colored_silver" },
        "west":  { "uv": [ 5, 4.5, 6, 5.125 ], "texture": "#wool_colored_silver" },
        "east":  { "uv": [ 10, 4.5, 11, 5.125 ], "texture": "#wool_colored_silver" }
    }
},
{
    "from": [ 6, 9, 5 ],
    "to": [ 7, 12.5, 6 ],
    "faces": {
        "down":  { "uv": [ 10, 6, 9, 5 ], "texture": "#texture" },
        "up":    { "uv": [ 6, 5, 7, 6 ], "texture": "#texture" },
        "north": { "uv": [ 9, 3.5, 10, 7 ], "texture": "#texture" },
        "south": { "uv": [ 6, 3.5, 7, 7 ], "texture": "#texture" },
        "west":  { "uv": [ 5, 3.5, 6, 7 ], "texture": "#texture" },
        "east":  { "uv": [ 10, 3.5, 11, 7 ], "texture": "#texture" }
    }
},
{
    "from": [ 6, 10.5, 5 ],
    "to": [ 8.5, 11, 6 ],
    "faces": {
        "down":  { "uv": [ 10, 6, 7.5, 5 ], "texture": "#texture" },
        "up":    { "uv": [ 6, 5, 8.5, 6 ], "texture": "#texture" },
        "north": { "uv": [ 7.5, 5, 10, 5.5 ], "texture": "#texture" },
        "south": { "uv": [ 6, 5, 8.5, 5.5 ], "texture": "#texture" },
        "west":  { "uv": [ 5, 5, 6, 5.5 ], "texture": "#texture" },
        "east":  { "uv": [ 10, 5, 11, 5.5 ], "texture": "#texture" }
    }
},
{
    "from": [ 8.5, 11.5, 5 ],
    "to": [ 9.5, 12.5, 6 ],
    "faces": {
        "down":  { "uv": [ 7.5, 6, 6.5, 5 ], "texture": "#texture" },
        "up":    { "uv": [ 8.5, 5, 9.5, 6 ], "texture": "#texture" },
        "north": { "uv": [ 6.5, 3.5, 7.5, 4.5 ], "texture": "#texture" },
        "south": { "uv": [ 8.5, 3.5, 9.5, 4.5 ], "texture": "#texture" },
        "west":  { "uv": [ 5, 3.5, 6, 4.5 ], "texture": "#texture" },
        "east":  { "uv": [ 10, 3.5, 11, 4.5 ], "texture": "#texture" }
    }
},
{
    "from": [ 13.1875, 11.4375, 5.125 ],
    "to": [ 13.5625, 11.8125, 5.875 ],
    "faces": {
        "down":  { "uv": [ 2.8125, 5.875, 2.4375, 5.125 ], "texture": "#wool_colored_silver" },
        "up":    { "uv": [ 13.1875, 5.125, 13.5625, 5.875 ], "texture": "#wool_colored_silver" },
        "north": { "uv": [ 2.4375, 4.1875, 2.8125, 4.5625 ], "texture": "#wool_colored_silver" },
        "south": { "uv": [ 13.1875, 4.1875, 13.5625, 4.5625 ], "texture": "#wool_colored_silver" },
        "west":  { "uv": [ 5.125, 4.1875, 5.875, 4.5625 ], "texture": "#wool_colored_silver" },
        "east":  { "uv": [ 10.125, 4.1875, 10.875, 4.5625 ], "texture": "#wool_colored_silver" }
    }
},
{
    "from": [ 12, 9.8125, 3.5 ],
    "to": [ 12.5, 10.5, 4.5 ],
    "faces": {
        "down":  { "uv": [ 4, 4.5, 3.5, 3.5 ], "texture": "#wool_colored_silver" },
        "up":    { "uv": [ 12, 3.5, 12.5, 4.5 ], "texture": "#wool_colored_silver" },
        "north": { "uv": [ 3.5, 5.5, 4, 6.1875 ], "texture": "#wool_colored_silver" },
        "south": { "uv": [ 12, 5.5, 12.5, 6.1875 ], "texture": "#wool_colored_silver" },
        "west":  { "uv": [ 3.5, 5.5, 4.5, 6.1875 ], "texture": "#wool_colored_silver" },
        "east":  { "uv": [ 11.5, 5.5, 12.5, 6.1875 ], "texture": "#wool_colored_silver" }
    }
},
{
    "from": [ 9.75, 10.5, 3.625 ],
    "to": [ 10.3125, 11.0625, 4.625 ],
    "faces": {
        "down":  { "uv": [ 6.25, 4.625, 5.6875, 3.625 ], "texture": "#wool_colored_silver" },
        "up":    { "uv": [ 9.75, 3.625, 10.3125, 4.625 ], "texture": "#wool_colored_silver" },
        "north": { "uv": [ 5.6875, 4.9375, 6.25, 5.5 ], "texture": "#wool_colored_silver" },
        "south": { "uv": [ 9.75, 4.9375, 10.3125, 5.5 ], "texture": "#wool_colored_silver" },
        "west":  { "uv": [ 3.625, 4.9375, 4.625, 5.5 ], "texture": "#wool_colored_silver" },
        "east":  { "uv": [ 11.375, 4.9375, 12.375, 5.5 ], "texture": "#wool_colored_silver" }
    }
},
{
    "from": [ 7, 8.125, 3.5 ],
    "to": [ 7.5, 10, 4.125 ],
    "faces": {
        "down":  { "uv": [ 9, 4.125, 8.5, 3.5 ], "texture": "#texture" },
        "up":    { "uv": [ 7, 3.5, 7.5, 4.125 ], "texture": "#texture" },
        "north": { "uv": [ 8.5, 6, 9, 7.875 ], "texture": "#texture" },
        "south": { "uv": [ 7, 6, 7.5, 7.875 ], "texture": "#texture" },
        "west":  { "uv": [ 3.5, 6, 4.125, 7.875 ], "texture": "#texture" },
        "east":  { "uv": [ 11.875, 6, 12.5, 7.875 ], "texture": "#texture" }
    }
}
],
"display": {
    "thirdperson_righthand": {
        "rotation": [ 21, -86, -3 ],
        "translation": [ -3.97, 1.13, -2.08 ],
        "scale": [ 1, 1, 1 ]
    },
    "thirdperson_lefthand": {
        "rotation": [ -3, 94, 11 ],
        "translation": [ 2.83, 0.38, -2.65 ],
        "scale": [ 1, 1, 1 ]
    },
    "head": {
        "rotation": [ 0, 0, 0 ],
        "translation": [ 0, 0, 0 ],
        "scale": [ 1, 1, 1 ]
    },
    "ground": {
        "rotation": [ 0, 9, 0 ],
        "translation": [ 0, 1.51, 0 ],
        "scale": [ 1, 1, 1 ]
    },
    "fixed": {
        "rotation": [ -6, 0, 23 ],
        "translation": [ 0, 0, 0 ],
        "scale": [ 1, 1, 1 ]
    },
    "firstperson_righthand": {
        "rotation": [ 0, -90, -10 ],
        "translation": [ -3.59, 0, -1.7 ],
        "scale": [ 1, 1, 1 ]
    },
    "firstperson_lefthand": {
        "rotation": [ 0, 90, 9 ],
        "translation": [ -1.32, 0.57, -1.32 ],
        "scale": [ 1, 1, 1 ]
    },
    "gui": {
        "rotation": [ 0, 0, 26 ],
        "translation": [ 0, -1.12, 0 ],
        "scale": [ 1, 1, 1 ]
    }
}
}